"Company Name","Job Title","Job URL"
Instacart,"Senior Software Developer in Test, Caper",https://instacart.careers/job/?gh_jid=5661247
Wish,"Senior Software Engineer",https://jobs.smartrecruiters.com/Wish/743999943752824-senior-software-engineer
Wish,"Staff Software Engineer",https://jobs.smartrecruiters.com/Wish/743999943753193-staff-software-engineer
Arcules,"Software Test Engineer",https://recruitingbypaycor.com/career/JobIntroduction.action?clientId=8a7883d0612bf7a001614d5a19117dc9&id=8a7887a88d19fe9a018d7f7bc4720764&source=&lang=en
Arcules,"Principal Software Engineer/Architect",https://recruitingbypaycor.com/career/JobIntroduction.action?clientId=8a7883d0612bf7a001614d5a19117dc9&id=8a7885ac8d19fe92018d3d02cb696ec7&source=&lang=en
Chewy,"Software Engineer III Front End",https://careers.chewy.com/us/en/job/5598430/Software-Engineer-III-Front-End
Chewy,"Senior Software Engineer - Oracle Service Cloud",https://careers.chewy.com/us/en/job/5744136/Senior-Software-Engineer-Oracle-Service-Cloud
Chewy,"Software Engineer III",https://careers.chewy.com/us/en/job/5703896/Software-Engineer-III
Square,"Senior Software Engineer - Fraud Risk",https://www.smartrecruiters.com/Square/743999951095074
Square,"Full-Stack Software Engineer, ECOM Advanced Customization",https://www.smartrecruiters.com/Square/743999967440333
Square,"Lead Software Engineer, Backend",https://www.smartrecruiters.com/Square/743999970249103
Square,"Senior Software Engineer (Fullstack), Restaurants",https://www.smartrecruiters.com/Square/743999970219968
Square,"Senior Software Engineer (Mobile), Bitkey",https://www.smartrecruiters.com/Square/743999949900613
Square,"Senior Software Engineer - Support Product, Health",https://www.smartrecruiters.com/Square/743999960776523
Square,"Senior Software Engineer, Bitcoin Platform",https://www.smartrecruiters.com/Square/743999967900693
Square,"Senior Software Engineer, Core OS Platform",https://www.smartrecruiters.com/Square/743999967617954
Square,"Software Engineer (Android), Connected Device Experience",https://www.smartrecruiters.com/Square/743999959931427
Square,"Software Engineer, Backend (TIDAL)",https://www.smartrecruiters.com/Square/743999969382760
Square,"Software Engineering Manager, Subscriptions",https://www.smartrecruiters.com/Square/743999967149233
Square,"Software Engineering Manager, Subscriptions",https://www.smartrecruiters.com/Square/743999967149113
Square,"Staff Software Engineer (Cryptography), Bitkey",https://www.smartrecruiters.com/Square/743999967437363
Square,"Staff Software Engineer (Tech Lead)",https://www.smartrecruiters.com/Square/743999968931783
Square,"Staff Software Engineer - Identity and Access Management, Health",https://www.smartrecruiters.com/Square/743999963861573
Square,"Staff Software Engineer - Treasury, Financial Platform",https://www.smartrecruiters.com/Square/743999960770264
Square,"Staff Software Engineer, Square Bank Accounts",https://www.smartrecruiters.com/Square/743999968142061
Square,"Lead Software Engineering Program Manager, Square Hardware",https://www.smartrecruiters.com/Square/743999958848486
Square,"Lead Software Engineer, Backend",https://jobs.smartrecruiters.com/Square/743999970249103-lead-software-engineer-backend
Square,"Senior Software Engineer (Fullstack), Restaurants",https://jobs.smartrecruiters.com/Square/743999970219968-senior-software-engineer-fullstack-restaurants
Square,"Software Engineer, Backend (TIDAL)",https://jobs.smartrecruiters.com/Square/743999969382760-software-engineer-backend-tidal-
Square,"Staff Software Engineer (Tech Lead)",https://jobs.smartrecruiters.com/Square/743999968931783-staff-software-engineer-tech-lead-
Square,"Staff Software Engineer, Square Bank Accounts",https://jobs.smartrecruiters.com/Square/743999968142061-staff-software-engineer-square-bank-accounts
Square,"Senior Software Engineer, Bitcoin Platform",https://jobs.smartrecruiters.com/Square/743999967900693-senior-software-engineer-bitcoin-platform
Square,"Senior Software Engineer, Core OS Platform",https://jobs.smartrecruiters.com/Square/743999967617954-senior-software-engineer-core-os-platform
Square,"Full-Stack Software Engineer, ECOM Advanced Customization",https://jobs.smartrecruiters.com/Square/743999967440333-full-stack-software-engineer-ecom-advanced-customization
Square,"Staff Software Engineer (Cryptography), Bitkey",https://jobs.smartrecruiters.com/Square/743999967437363-staff-software-engineer-cryptography-bitkey
Square,"Software Engineering Manager, Subscriptions",https://jobs.smartrecruiters.com/Square/743999967149233-software-engineering-manager-subscriptions
Square,"Software Engineering Manager, Subscriptions",https://jobs.smartrecruiters.com/Square/743999967149113-software-engineering-manager-subscriptions
Square,"Staff Software Engineer - Identity and Access Management, Health",https://jobs.smartrecruiters.com/Square/743999963861573-staff-software-engineer-identity-and-access-management-health
Square,"Senior Software Engineer - Support Product, Health",https://jobs.smartrecruiters.com/Square/743999960776523-senior-software-engineer-support-product-health
Square,"Staff Software Engineer - Treasury, Financial Platform",https://jobs.smartrecruiters.com/Square/743999960770264-staff-software-engineer-treasury-financial-platform
Square,"Software Engineer (Android), Connected Device Experience",https://jobs.smartrecruiters.com/Square/743999959931427-software-engineer-android-connected-device-experience
Square,"Lead Software Engineering Program Manager, Square Hardware",https://jobs.smartrecruiters.com/Square/743999958848486-lead-software-engineering-program-manager-square-hardware
Square,"Senior Software Engineer - Fraud Risk",https://jobs.smartrecruiters.com/Square/743999951095074-senior-software-engineer-fraud-risk
Square,"Senior Software Engineer (Mobile), Bitkey",https://jobs.smartrecruiters.com/Square/743999949900613-senior-software-engineer-mobile-bitkey
Square,"Senior Software Engineer (Backend), Invoices",https://www.smartrecruiters.com/Square/743999970813629
Square,"Senior Software Engineer (iOS), Invoices",https://www.smartrecruiters.com/Square/743999970813564
Square,"Software Engineer, Payment Onboarding",https://www.smartrecruiters.com/Square/743999970919458
Square,"Software Engineer, Payment Onboarding",https://jobs.smartrecruiters.com/Square/743999970919458-software-engineer-payment-onboarding
Square,"Senior Software Engineer (Backend), Invoices",https://jobs.smartrecruiters.com/Square/743999970813629-senior-software-engineer-backend-invoices
Square,"Senior Software Engineer (iOS), Invoices",https://jobs.smartrecruiters.com/Square/743999970813564-senior-software-engineer-ios-invoices
Square,"Software Engineer (Backend), Cards API",https://www.smartrecruiters.com/Square/743999971178493
Square,"Software Engineer, Bank Accounts API",https://www.smartrecruiters.com/Square/743999971215693
Square,"Software Engineer, Bank Accounts API",https://jobs.smartrecruiters.com/Square/743999971215693-software-engineer-bank-accounts-api
Square,"Software Engineer (Backend), Cards API",https://jobs.smartrecruiters.com/Square/743999971178493-software-engineer-backend-cards-api
"WatchGuard Technologies","Senior Software Developer",https://jobs.lever.co/watchguard/04385197-40b6-4368-929a-e8a1436c7feb
Narvar,"Principal Software Engineer",https://boards.greenhouse.io/narvar/jobs/5672475
Narvar,"Senior Software Engineer I, Distributed Systems",https://boards.greenhouse.io/narvar/jobs/5684260
Narvar,"Senior Software Engineer II, Distributed Systems",https://boards.greenhouse.io/narvar/jobs/5590730
Narvar,"Senior Software Engineer II, Distributed Systems",https://boards.greenhouse.io/narvar/jobs/5543612
Narvar,"Sr. Software Engineer I, Fullstack",https://boards.greenhouse.io/narvar/jobs/5587180
Narvar,"Sr. Software Engineer II, Distributed Systems",https://boards.greenhouse.io/narvar/jobs/5587114
Narvar,"Sr. Software Engineer II, Ruby on Rails and React",https://boards.greenhouse.io/narvar/jobs/5645099
Narvar,"Staff Software Engineer, Distributed Systems",https://boards.greenhouse.io/narvar/jobs/5543584
Narvar,"Staff Software Engineer, Machine Learning",https://boards.greenhouse.io/narvar/jobs/5388095
Narvar,"Staff Software Engineer, Frontend",https://boards.greenhouse.io/narvar/jobs/5779622
SpotOn,"Staff Software Engineer",https://boards.greenhouse.io/spotonproduct/jobs/5856010003
SpotOn,"Senior Software Engineer (Python)",https://boards.greenhouse.io/spotonproduct/jobs/5892128003
SpotOn,"Senior Software Engineer (React/Python)",https://boards.greenhouse.io/spotonproduct/jobs/5905355003
Affirm,"Senior Software Engineer, Backend (Disclosures)",https://boards.greenhouse.io/affirm/jobs/5842402003
Affirm,"Senior Software Engineer (Consumer Pricing)",https://boards.greenhouse.io/affirm/jobs/5838911003
Affirm,"Senior Software Engineer (Partner Pricing)",https://boards.greenhouse.io/affirm/jobs/5855830003
Affirm,"Software Engineer, Early Career",https://boards.greenhouse.io/affirm/jobs/5794767003
Affirm,"Software Engineer II, Backend (Checkout)",https://boards.greenhouse.io/affirm/jobs/5828240003
Affirm,"Staff Software Engineer (Purchasing Experience)",https://boards.greenhouse.io/affirm/jobs/5879302003
Affirm,"Senior Software Engineer (Android Platform)",https://boards.greenhouse.io/affirm/jobs/5870224003
Affirm,"Senior Software Engineer (Comms Platform)",https://boards.greenhouse.io/affirm/jobs/5888448003
Affirm,"Senior Software Engineer (Comms Platform)",https://boards.greenhouse.io/affirm/jobs/5882466003
Affirm,"Senior Staff Software Engineer (Repayments)",https://boards.greenhouse.io/affirm/jobs/5870727003
Affirm,"Senior Staff Software Engineer (Repayments)",https://boards.greenhouse.io/affirm/jobs/5870729003
Affirm,"Software Engineer, Backend (Card & Pay Later)",https://boards.greenhouse.io/affirm/jobs/5852399003
Affirm,"Software Engineer, Backend (Card & Pay Later)",https://boards.greenhouse.io/affirm/jobs/5898331003
Affirm,"Software Engineer, Backend (Card & Pay Later)",https://boards.greenhouse.io/affirm/jobs/5898332003
Affirm,"Software Engineer, Early Career",https://boards.greenhouse.io/affirm/jobs/5794751003
Affirm,"Senior Software Engineer (Data & Reporting)",https://boards.greenhouse.io/affirm/jobs/5855410003
Affirm,"Software Engineer II",https://boards.greenhouse.io/affirm/jobs/5855406003
Affirm,"Software Engineer II, Backend (Consumer Payments)",https://boards.greenhouse.io/affirm/jobs/5869371003
Affirm,"Software Engineer II, Fullstack (Capital Orchestration)",https://boards.greenhouse.io/affirm/jobs/5848767003
Affirm,"Software Engineer (Loans Platform)",https://boards.greenhouse.io/affirm/jobs/5754341003
Affirm,"Director, Software Engineering (Testing Automation, Enablement and Tooling)",https://boards.greenhouse.io/affirm/jobs/5874258003
Affirm,"Senior Software Engineer (Compute)",https://boards.greenhouse.io/affirm/jobs/5850199003
Affirm,"Senior Software Engineer (Data and Storage Services)",https://boards.greenhouse.io/affirm/jobs/5829075003
Affirm,"Senior Software Engineer (Infrastructure platform)",https://boards.greenhouse.io/affirm/jobs/5855004003
Affirm,"Senior Software Engineer (Infrastructure Platform)",https://boards.greenhouse.io/affirm/jobs/5847096003
Affirm,"Senior Software Engineer (Online Storage)",https://boards.greenhouse.io/affirm/jobs/5854854003
Affirm,"Senior Software Engineer (Online Storage)",https://boards.greenhouse.io/affirm/jobs/5850217003
Affirm,"Senior Software Engineer (Streaming Infrastructure)",https://boards.greenhouse.io/affirm/jobs/5825409003
Affirm,"Staff Software Engineer (Online Services)",https://boards.greenhouse.io/affirm/jobs/5850203003
Affirm,"Software Engineer, Backend (Partner Interface)",https://boards.greenhouse.io/affirm/jobs/5765591003
Affirm,"Software Engineer, Backend (Partner Interface)",https://boards.greenhouse.io/affirm/jobs/5888153003
Affirm,"Senior Software Engineer, Backend (Fraud Decisioning)",https://boards.greenhouse.io/affirm/jobs/5807963003
Affirm,"Senior Software Engineer, Backend (Fraud Decisioning)",https://boards.greenhouse.io/affirm/jobs/5807965003
Affirm,"Senior Software Engineer, Backend (Identity Decisioning)",https://boards.greenhouse.io/affirm/jobs/5883412003
Affirm,"Senior Software Engineer, Backend (Identity Decisioning)",https://boards.greenhouse.io/affirm/jobs/5883414003
Affirm,"Senior Software Engineer, Backend, Trust & Safety",https://boards.greenhouse.io/affirm/jobs/5871667003
Affirm,"Senior Software Engineer, Backend (T&S Foundations)",https://boards.greenhouse.io/affirm/jobs/5880937003
Affirm,"Senior Software Engineer, Backend (T&S Foundations)",https://boards.greenhouse.io/affirm/jobs/5880938003
Affirm,"Software Engineer, Backend (Issuing)",https://boards.greenhouse.io/affirm/jobs/5878053003
Affirm,"Software Engineer I (Data storage and Services)",https://boards.greenhouse.io/affirm/jobs/5901789003
Affirm,"Software Engineer II (Storage Services)",https://boards.greenhouse.io/affirm/jobs/5901841003
Affirm,"Software Engineer II (Storage Services)",https://boards.greenhouse.io/affirm/jobs/5904324003
Affirm,"Software Engineer II, Fullstack (Merchant Insights)",https://boards.greenhouse.io/affirm/jobs/5889121003
Affirm,"Software Engineer II (Data and Storage Services)",https://boards.greenhouse.io/affirm/jobs/5829079003
Affirm,"Software Engineer II, Fullstack (Checkout Experience)",https://boards.greenhouse.io/affirm/jobs/5882470003
Affirm,"Software Engineer I (Repayment UX)",https://boards.greenhouse.io/affirm/jobs/5858684003
Affirm,"Software Engineer I (Repayment UX)",https://boards.greenhouse.io/affirm/jobs/5842395003
Affirm,"Senior Staff Software Engineer (Fraud Decisioning)",https://boards.greenhouse.io/affirm/jobs/5907102003
Affirm,"Senior Staff Software Engineer (Fraud Decisioning)",https://boards.greenhouse.io/affirm/jobs/5907104003
"Epos Now","Software Engineer - Data Platform",https://eposnowgroup.bamboohr.com/careers/225
"Epos Now","Software Product Developer",https://eposnowgroup.bamboohr.com/careers/78
"Iteris, Inc","Sr. Embedded Software Engineer",https://us232.dayforcehcm.com/CandidatePortal/en-US/iteris/Posting/View/1797
Productboard,"Senior Staff Software Engineer",https://boards.greenhouse.io/productboard/jobs/7058128002
Productboard,"Staff Software Engineer",https://boards.greenhouse.io/productboard/jobs/7058108002
Productboard,"Staff Software Engineer",https://boards.greenhouse.io/productboard/jobs/7215293002
CareRev,"Sr. Staff Software Engineer (Platform Team)",https://boards.greenhouse.io/carerev/jobs/5794925003
Abacus.AI,"SOFTWARE ENGINEER - BACKEND SYSTEMS",https://abacus.ai/mailto:jobs@abacus.ai
Abacus.AI,"SOFTWARE ENGINEER 1 - MACHINE LEARNING",https://abacus.ai/mailto:jobs@abacus.ai
Abacus.AI,"SENIOR SOFTWARE ENGINEER - MACHINE LEARNING",https://abacus.ai/mailto:jobs@abacus.ai
Outschool,"Staff Software Engineer",https://boards.greenhouse.io/outschool/jobs/4305435006
Retool,"Software Engineer, Build and Release",https://boards.greenhouse.io/retool/jobs/4044560005
Retool,"Software Engineer",https://boards.greenhouse.io/retool/jobs/4003629005
Retool,"Software Engineer, Performance",https://boards.greenhouse.io/retool/jobs/4337238005
Aurora,"Principal Software Engineer, ML Accelerators",https://boards.greenhouse.io/aurorainnovation/jobs/6905776002
Aurora,"Principal Software Engineer, ML Accelerators",https://boards.greenhouse.io/aurorainnovation/jobs/6905787002
Aurora,"Principal Software Engineer, ML Accelerators",https://boards.greenhouse.io/aurorainnovation/jobs/6906067002
Aurora,"Sr Staff Software Engineer, ML Accelerators",https://boards.greenhouse.io/aurorainnovation/jobs/5580045002
Aurora,"Sr Staff Software Engineer, ML Accelerators",https://boards.greenhouse.io/aurorainnovation/jobs/5580049002
Aurora,"Sr Staff Software Engineer, ML Accelerators",https://boards.greenhouse.io/aurorainnovation/jobs/5574800002
Aurora,"Embedded Software Intern",https://boards.greenhouse.io/aurorainnovation/jobs/7240893002
Aurora,"Staff Embedded Software Engineer, Cameras",https://boards.greenhouse.io/aurorainnovation/jobs/7037677002
Aurora,"Staff Embedded Software Engineer, Cameras",https://boards.greenhouse.io/aurorainnovation/jobs/6962112002
Aurora,"Senior Software Engineer, Motion Planning Data",https://boards.greenhouse.io/aurorainnovation/jobs/7116848002
Aurora,"Senior Software Engineer, Motion Planning Data",https://boards.greenhouse.io/aurorainnovation/jobs/7102022002
Aurora,"Senior Software Engineer, Motion Planning Data",https://boards.greenhouse.io/aurorainnovation/jobs/7116847002
Aurora,"Staff Software Engineer, Motion Planning Systems",https://boards.greenhouse.io/aurorainnovation/jobs/7108530002
Aurora,"Staff Software Engineer, Motion Planning Systems",https://boards.greenhouse.io/aurorainnovation/jobs/7251947002
Aurora,"Staff Software Engineer, Motion Planning Systems",https://boards.greenhouse.io/aurorainnovation/jobs/7251951002
Aurora,"Staff Software Engineer",https://boards.greenhouse.io/aurorainnovation/jobs/7213838002
Aurora,"Senior Staff Technical Program Manager - Platform Software and HW/SW Integration",https://boards.greenhouse.io/aurorainnovation/jobs/7032732002
Aurora,"Senior Staff Software Engineer - Deployment / Linux Platforms",https://boards.greenhouse.io/aurorainnovation/jobs/7256017002
StockX,"Senior Software Engineer - Platform Engineering",https://boards.greenhouse.io/stockx/jobs/7107386002
StockX,"Software Development Engineer in Test",https://boards.greenhouse.io/stockx/jobs/7158692002
StockX,"Software Engineer",https://boards.greenhouse.io/stockx/jobs/7171104002
StockX,"Software Engineer-iOS",https://boards.greenhouse.io/stockx/jobs/7094317002
StockX,"Software Engineer-Web",https://boards.greenhouse.io/stockx/jobs/7246424002
Vroom,"Software Engineer II - Full Stack .NET Developer",https://vroom.wd5.myworkdayjobs.com/en-US/uacc/job/Fort-Worth-TX/Software-Engineer-II---Full-Stack-NET-Developer_R240098
Zenoti,"Senior Software Engineer (.NET)",https://boards.greenhouse.io/zenoti/jobs/5896118003
Zenoti,"Senior Software Engineer (Tableau)",https://boards.greenhouse.io/zenoti/jobs/5859291003
Webflow,"Senior Software Engineer, Data Visualization Products",https://boards.greenhouse.io/webflow/jobs/5716980
Webflow,"Senior Software Engineer, Libraries",https://boards.greenhouse.io/webflow/jobs/5563413
Webflow,"Senior Software Engineer, Web Rendering",https://boards.greenhouse.io/webflow/jobs/5598316
Tekion,"Lead Software Engineer - Frontend",https://boards.greenhouse.io/tekion/jobs/5854603003
Tekion,"Staff Software Engineer",https://boards.greenhouse.io/tekion/jobs/5395415003
Bandwidth,"Software Developer III",https://boards.greenhouse.io/bandwidth/jobs/5766636
Vonage,"Java Software Engineer",https://boards.greenhouse.io/vonage/jobs/7018622002
Vonage,"Java Software Engineer",https://boards.greenhouse.io/vonage/jobs/7018627002
Vonage,"Java Software Engineer (BSS)",https://boards.greenhouse.io/vonage/jobs/7069350002
Vonage,"Java Software Engineer II",https://boards.greenhouse.io/vonage/jobs/7191170002
Vonage,".NET Software Engineer",https://boards.greenhouse.io/vonage/jobs/7049953002
Vonage,"Senior Java Software Engineer",https://boards.greenhouse.io/vonage/jobs/7018608002
Vonage,"Senior Java Software Engineer (BSS)",https://boards.greenhouse.io/vonage/jobs/7069506002
Vonage,"Senior Software Engineer",https://boards.greenhouse.io/vonage/jobs/7262394002
Vonage,"Senior Software Engineer - UI",https://boards.greenhouse.io/vonage/jobs/7262584002
Vonage,"Software Architect",https://boards.greenhouse.io/vonage/jobs/6911425002
Vonage,"Software Development Engineer in Test (QA)",https://boards.greenhouse.io/vonage/jobs/7074206002
Vonage,"Software Engineer (Data Services)",https://boards.greenhouse.io/vonage/jobs/7054899002
Vonage,"Software Engineer (Data Services)",https://boards.greenhouse.io/vonage/jobs/7054898002
Vonage,"Software Engineer - Full Stack (Go/JS)",https://boards.greenhouse.io/vonage/jobs/7055125002
Vonage,"Software Engineer - Full Stack (Go/JS)",https://boards.greenhouse.io/vonage/jobs/7262581002
Vonage,"Software Engineer (Java)",https://boards.greenhouse.io/vonage/jobs/7115360002
Vonage,"Software Engineer (OSS)",https://boards.greenhouse.io/vonage/jobs/7054851002
Vonage,"Software Engineer (OSS)",https://boards.greenhouse.io/vonage/jobs/7054852002
Vonage,"Software Engineer - UI",https://boards.greenhouse.io/vonage/jobs/7072991002
Vonage,"Software Team Lead",https://boards.greenhouse.io/vonage/jobs/7253006002
Vonage,"Sr Software Engineer (Data Services)",https://boards.greenhouse.io/vonage/jobs/7054916002
Vonage,"Sr Software Engineer (Data Services)",https://boards.greenhouse.io/vonage/jobs/7054917002
Vonage,"Sr Software Engineer (Verify)",https://boards.greenhouse.io/vonage/jobs/7054951002
Vonage,"VP of Software Engineering",https://boards.greenhouse.io/vonage/jobs/6967330002
Vonage,"VP of Software Engineering",https://boards.greenhouse.io/vonage/jobs/6968707002
AppDirect,"Software Sales Specialist",https://boards.greenhouse.io/appdirect/jobs/7178707002
AppDirect,"Senior Software Engineer",https://boards.greenhouse.io/appdirect/jobs/7122397002
Dialpad,"Senior Software Engineer, Fullstack, Supervisor Experience",https://boards.greenhouse.io/dialpad/jobs/7254433002
Dialpad,"Senior Software Engineer, Growth",https://boards.greenhouse.io/dialpad/jobs/7254467002
Dialpad,"Software Engineer",https://boards.greenhouse.io/dialpad/jobs/7247061002
Dialpad,"Software Engineer, Call Features",https://boards.greenhouse.io/dialpad/jobs/7252250002
Dialpad,"Staff Software Engineer, Backend, Product Infrastructure",https://boards.greenhouse.io/dialpad/jobs/7101396002
Dialpad,"Senior Software Engineer, Backend, Developer Platform",https://boards.greenhouse.io/dialpad/jobs/7061959002
Dialpad,"Senior Software Engineer, Fullstack, Integrations",https://boards.greenhouse.io/dialpad/jobs/7035228002
Dialpad,"Senior Software Developer in Test",https://boards.greenhouse.io/dialpad/jobs/7122564002
Dialpad,"Senior Software Developer in Test",https://www.dialpad.com/careers/jobs/apply/senior-software-developer-in-test/buenos-aires-argentina
Dialpad,"Senior Software Engineer, Android","https://www.dialpad.com/careers/jobs/apply/senior-software-engineer,-android/buenos-aires-argentina"
Dialpad,"Senior Software Engineer, Backend, Developer Platform","https://www.dialpad.com/careers/jobs/apply/senior-software-engineer,-backend,-developer-platform/buenos-aires-argentina"
Dialpad,"Senior Software Engineer, Fullstack, Integrations","https://www.dialpad.com/careers/jobs/apply/senior-software-engineer,-fullstack,-integrations/buenos-aires-argentina"
Dialpad,"Senior Software Engineer, Fullstack, Supervisor Experience","https://www.dialpad.com/careers/jobs/apply/senior-software-engineer,-fullstack,-supervisor-experience/buenos-aires-argentina"
Dialpad,"Senior Software Engineer, Growth","https://www.dialpad.com/careers/jobs/apply/senior-software-engineer,-growth/buenos-aires-argentina"
Dialpad,"Software Engineer",https://www.dialpad.com/careers/jobs/apply/software-engineer-/bengaluru-india
Dialpad,"Software Engineer, Call Features","https://www.dialpad.com/careers/jobs/apply/software-engineer,-call-features/buenos-aires-argentina"
Dialpad,"Staff Software Engineer, Backend, Product Infrastructure","https://www.dialpad.com/careers/jobs/apply/staff-software-engineer,-backend,-product-infrastructure/buenos-aires-argentina"
Dialpad,"Senior Software Engineer, Android",https://boards.greenhouse.io/dialpad/jobs/7261044002
Dialpad,"Software Engineer, Backend, Productivity","https://www.dialpad.com/careers/jobs/apply/software-engineer,-backend,-productivity/buenos-aires-argentina"
Dialpad,"Software Engineer, Backend, Productivity",https://boards.greenhouse.io/dialpad/jobs/7241083002
Broadvoice,"Software Engineering (NodeJS)",https://boards.greenhouse.io/broadvoice/jobs/4150234007
Regal.io,"Subject Matter Expert for B2C Sales Software, Director",https://jobs.lever.co/regalvoice/a8baf55a-93ce-4804-91ac-fcd51d173674
Regal.io,"Senior Software Engineer - Full Stack",https://jobs.lever.co/regalvoice/42b33162-e18e-4594-bab1-b71a6d335b4c
"Crexendo - HQ","Software Validation Engineer",https://workforcenow.adp.com/javascript:openJobDescription('9200601819363_1')
8x8,"Software Engineer in Test (SET)",https://8x8inc.wd5.myworkdayjobs.com/en-US/8x8_External_Careers/job/Singapore-8x8-Asia/Software-Engineer-in-Test_L9113-1
NUSO,"Senior Software Developer",https://nuso.applicantpro.com/jobs/2755886
AudioCodes,"BSP Software Engineer",https://www.audiocodes.com/careers/positions/7714A
OneBill,"Senior Software Engineer",https://www.onebillsoftware.com/job/senior-software-engineer/
"Observe AI","Principal Software Engineer",https://jobs.lever.co/observeai/fb54f44a-233d-4d2d-85b8-9d674def597f
"Observe AI","Software Development Engineer I (Backend)",https://jobs.lever.co/observeai/c24a74a8-fca4-4444-8dd6-dce005bdb80a
"Observe AI","Software Development Engineer II (Backend)",https://jobs.lever.co/observeai/57d6a14a-a0b0-4d68-b953-30f6b68d8d5b
"Observe AI","Software Development Engineer III (Backend)",https://jobs.lever.co/observeai/7474099a-1595-4ed5-9691-b3887d798f17
"Observe AI","Software Development Engineer in Test I",https://jobs.lever.co/observeai/318edefc-fd7e-4cde-a9f7-af04d004bd77
"Observe AI","Software Development Engineer IV (Backend)",https://jobs.lever.co/observeai/d9ddc661-a4c6-43c7-b10b-69c59e71e394
"Observe AI","Software Development Engineer in Test - II",https://jobs.lever.co/observeai/e723d424-ae35-4e6c-a681-50e489af5826
"Acronis, Inc.","Cloud Software Support Specialist",https://boards.greenhouse.io/acronis/jobs/7227028002
"Acronis, Inc.","Cloud Software Support Specialist",https://boards.greenhouse.io/acronis/jobs/7227034002
"Acronis, Inc.","Cloud Software Support Specialist",https://boards.greenhouse.io/acronis/jobs/7227035002
"Acronis, Inc.","Cloud Software Support Specialist",https://boards.greenhouse.io/acronis/jobs/7227036002
"Acronis, Inc.","Cloud Software Support Specialist",https://boards.greenhouse.io/acronis/jobs/7227038002
"Acronis, Inc.","Cloud Software Support Specialist",https://boards.greenhouse.io/acronis/jobs/7072187002
"Acronis, Inc.","Cloud Software Support Specialist",https://boards.greenhouse.io/acronis/jobs/7227027002
"Acronis, Inc.","Cloud Software Support Specialist",https://boards.greenhouse.io/acronis/jobs/7227029002
"Acronis, Inc.","Cloud Software Support Specialist",https://boards.greenhouse.io/acronis/jobs/7227031002
"Acronis, Inc.","Cloud Software Support Specialist (German Language)",https://boards.greenhouse.io/acronis/jobs/7205373002
"Acronis, Inc.","Cloud Software Support Specialist (German Language)",https://boards.greenhouse.io/acronis/jobs/7205375002
"Acronis, Inc.","Cloud Software Support Specialist (German Language)",https://boards.greenhouse.io/acronis/jobs/7205418002
"Acronis, Inc.","Cloud Software Support Specialist (German Language)",https://boards.greenhouse.io/acronis/jobs/7205365002
"Acronis, Inc.","Cloud Software Support Specialist (German Language)",https://boards.greenhouse.io/acronis/jobs/7205284002
"Acronis, Inc.","Cloud Software Support Specialist (German Language)",https://boards.greenhouse.io/acronis/jobs/7205336002
"Acronis, Inc.","Cloud Software Support Specialist (German Language)",https://boards.greenhouse.io/acronis/jobs/7205321002
"Acronis, Inc.","Cloud Software Support Specialist (German Language)",https://boards.greenhouse.io/acronis/jobs/7205303002
"Acronis, Inc.","Senior Software Developer C++ (Agent Backup)",https://boards.greenhouse.io/acronis/jobs/7049713002
"Acronis, Inc.","Senior Software Developer C++ (Agent Backup)",https://boards.greenhouse.io/acronis/jobs/7040456002
"Acronis, Inc.","Senior Software Developer C++ (Agent Backup)",https://boards.greenhouse.io/acronis/jobs/7049712002
"Acronis, Inc.","Senior Software Developer C++ (Agent Backup)",https://boards.greenhouse.io/acronis/jobs/7046053002
"Acronis, Inc.","Senior C++ Software Developer (Virtualization)",https://boards.greenhouse.io/acronis/jobs/7107585002
"Acronis, Inc.","Senior C++ Software Developer (Virtualization)",https://boards.greenhouse.io/acronis/jobs/7107582002
"Acronis, Inc.","Senior C++ Software Developer (Virtualization)",https://boards.greenhouse.io/acronis/jobs/7107590002
"Acronis, Inc.","Senior C++ Software Developer (Virtualization)",https://boards.greenhouse.io/acronis/jobs/7107592002
"Arista Networks","Software Engineer - Platform Team - Ireland",https://jobs.smartrecruiters.com/AristaNetworks/743999970149873-software-engineer-platform-team-ireland
"Arista Networks","Back End Software Engineer - Dublin team",https://jobs.smartrecruiters.com/AristaNetworks/743999970149763-back-end-software-engineer-dublin-team
"Arista Networks","Software Engineer, Kernel and BIOS - Dublin, Ireland",https://jobs.smartrecruiters.com/AristaNetworks/743999967550603-software-engineer-kernel-and-bios-dublin-ireland
"Arista Networks","Software Engineer, Engineering Productivity",https://jobs.smartrecruiters.com/AristaNetworks/743999965587488-software-engineer-engineering-productivity
"Arista Networks","Software Engineer Graduate/Junior/Mid-level/Senior",https://jobs.smartrecruiters.com/AristaNetworks/743999965589283-software-engineer-graduate-junior-mid-level-senior
"Arista Networks","Software Engineer, Network Systems",https://jobs.smartrecruiters.com/AristaNetworks/743999964528059-software-engineer-network-systems
"Arista Networks","Senior/Lead Software Engineer",https://jobs.smartrecruiters.com/AristaNetworks/743999954871703-senior-lead-software-engineer
"Arista Networks","Senior/Lead Software Engineer, Network Systems",https://jobs.smartrecruiters.com/AristaNetworks/743999954871323-senior-lead-software-engineer-network-systems
"Arista Networks","Software Engineer",https://jobs.smartrecruiters.com/AristaNetworks/743999954870583-software-engineer
"Arista Networks","Software Engineer (Packet Forwarding Engines)",https://jobs.smartrecruiters.com/AristaNetworks/743999954868533-software-engineer-packet-forwarding-engines-
"Arista Networks","Senior/Lead Software Engineer (Packet Forwarding Engines)",https://jobs.smartrecruiters.com/AristaNetworks/743999954867933-senior-lead-software-engineer-packet-forwarding-engines-
"Arista Networks","Software Engineer Cloud EOS Team (Ireland/Poland/Romania/Hungary/Greece/Turkey)",https://jobs.smartrecruiters.com/AristaNetworks/743999948140674-software-engineer-cloud-eos-team-ireland-poland-romania-hungary-greece-turkey-
"Arista Networks","Software Test Engineer",https://jobs.smartrecruiters.com/AristaNetworks/743999948135457-software-test-engineer
"Arista Networks","Software Engineer (Platform)",https://jobs.smartrecruiters.com/AristaNetworks/743999943680683-software-engineer-platform-
"Arista Networks","Software Engineer (Wifi/ Embedded)",https://jobs.smartrecruiters.com/AristaNetworks/743999941793294-software-engineer-wifi-embedded-
"Arista Networks","Software Engineer",https://jobs.smartrecruiters.com/AristaNetworks/743999941785188-software-engineer
"Arista Networks","Software Engineer (Routing Protocols)",https://jobs.smartrecruiters.com/AristaNetworks/743999941785053-software-engineer-routing-protocols-
"Arista Networks","Software Test Engineer",https://jobs.smartrecruiters.com/AristaNetworks/743999941577371-software-test-engineer
"Arista Networks","Software Test Engineer (Cloud/Server Backend)",https://jobs.smartrecruiters.com/AristaNetworks/743999941480363-software-test-engineer-cloud-server-backend-
"Arista Networks","Software Engineer - CloudVision",https://jobs.smartrecruiters.com/AristaNetworks/743999941478519-software-engineer-cloudvision
"Arista Networks","Software Engineer - EOS Routing Team",https://jobs.smartrecruiters.com/AristaNetworks/743999931067273-software-engineer-eos-routing-team
"Arista Networks","Software Engineer - Platform Independent Layer 2 and Infrastructure Team",https://jobs.smartrecruiters.com/AristaNetworks/743999931066240-software-engineer-platform-independent-layer-2-and-infrastructure-team
ConnectWise,"Principal Software Architect",https://www.connectwise.com/company/careers/opportunities?gh_jid=4369226005
ConnectWise,"Senior Software Engineer I",https://www.connectwise.com/company/careers/opportunities?gh_jid=4325214005
ConnectWise,"Senior Software Engineer II",https://www.connectwise.com/company/careers/opportunities?gh_jid=4365004005
ConnectWise,"Software Test Architect",https://www.connectwise.com/company/careers/opportunities?gh_jid=4370221005
ConnectWise,"Technical Software Architect I",https://www.connectwise.com/company/careers/opportunities?gh_jid=4361488005
ConnectWise,"Senior Principal Software Engineer I",https://www.connectwise.com/company/careers/opportunities?gh_jid=4354311005
ConnectWise,"Senior Software Engineer II",https://www.connectwise.com/company/careers/opportunities?gh_jid=4344279005
ConnectWise,"Software Engineer II",https://www.connectwise.com/company/careers/opportunities?gh_jid=4329334005
ConnectWise,"Software Test Engineer II",https://www.connectwise.com/company/careers/opportunities?gh_jid=4346028005
ConnectWise,"Team Lead, Software Product Onboarding & Consulting - Enablement",https://www.connectwise.com/company/careers/opportunities?gh_jid=4370803005
ConnectWise,"Software Support Specialist II",https://www.connectwise.com/company/careers/opportunities?gh_jid=4352219005
ConnectWise,"Software Support Specialist I",https://www.connectwise.com/company/careers/opportunities?gh_jid=4383455005
ConnectWise,"Senior Software Test Engineer I",https://www.connectwise.com/company/careers/opportunities?gh_jid=4383431005
"Field Nation","Senior Software Engineer",https://jobs.lever.co/fieldnation/fc9c0d3c-9a01-4bb1-ab9c-3b834e6c240d
"Field Nation","Senior Software Engineer",https://jobs.lever.co/fieldnation/7a262b40-878d-4786-b767-fbc5aaaeacbd
"Field Nation","Senior Software Engineer(React Native)",https://jobs.lever.co/fieldnation/9871b9a5-c21f-41bc-8374-f1a75ca4dedd
"Field Nation","Software Engineer",https://jobs.lever.co/fieldnation/d4227b51-03c2-4fb1-86af-a5a39cb230f9
"Content Guru","Software Development Director
R0347",https://contentguru.talosats-careers.com/Apply/Q0c699b6gQXBwbGljYXRpb24gRm9ybSBJbnRlcm5hdGlvbmFsfDMwfDQ3MDIwMHwxfHxGYWxzZXwyMjU1fDI5MDA5NDR8MA%3d%3d?i=9jv7kuHrePE%3d
"Content Guru","Software Development Team Leader
R0TBC",https://contentguru.talosats-careers.com/Apply/Q0cdcb04gQXBwbGljYXRpb24gRm9ybSBJbnRlcm5hdGlvbmFsfDMwfDM4MDA2MHwxfHxGYWxzZXwyMjU1fDI5MDI5NTN8MA%3d%3d?i=3Z6b1bRCTRc%3d
"Patch My PC","Software Engineer",https://patchmypc.applytojob.com/apply/1asXB6QQG8/Software-Engineer
KORE,"Software Engineer",https://jobs.jobvite.com/korewireless/job/ot52rfwL
"T-Mobile for Business","Sr. Software Engineer - Data REQ252237",https://careers.t-mobile.com/job-details/20000084/sr-software-engineer-data-bellevue-wa/
Paessler,"Backend Software Developer (all genders) Go / Rust",https://jobs.paessler.com/Backend-Software-Developer-all-genders-Go-Rust-eng-j509.html
Paessler,"Backend Software Developer (all genders) Rust / Delphi",https://jobs.paessler.com/Backend-Software-Developer-all-genders-Rust-Delphi-eng-j373.html
Paessler,"Team Manager Software Development (all genders)",https://jobs.paessler.com/Team-Manager-Software-Development-all-genders-eng-j491.html
Genesys,"Medior Software Development Engineer - Frontend",https://genesys.wd1.myworkdayjobs.com/en-US/Genesys/job/Budapest-Hungary/Software-Development-Engineer---Frontend_JR103150-1?jobFamilyGroup=0b40e66ca32e1025ac5265e727b00002
Genesys,"Software Engineer",https://genesys.wd1.myworkdayjobs.com/en-US/Genesys/job/Budapest-Flexible/Software-Engineer_JR103775-1?jobFamilyGroup=0b40e66ca32e1025ac5265e727b00002
Genesys,"Sr. Software Engineer",https://genesys.wd1.myworkdayjobs.com/en-US/Genesys/job/Toronto-Canada/Sr-Software-Engineer_JR103242-1?jobFamilyGroup=0b40e66ca32e1025ac5265e727b00002
Genesys,"Software Engineer in Test",https://genesys.wd1.myworkdayjobs.com/en-US/Genesys/job/Hungary/Software-Engineer-in-Test_JR102528-1?jobFamilyGroup=0b40e66ca32e1025ac5265e727b00002
Genesys,"Senior Software Engineer in Test",https://genesys.wd1.myworkdayjobs.com/en-US/Genesys/job/Hungary/Senior-Software-Engineer-in-Test_JR102529-1?jobFamilyGroup=0b40e66ca32e1025ac5265e727b00002
Genesys,"Staff Software Engineer",https://genesys.wd1.myworkdayjobs.com/en-US/Genesys/job/Budapest-Flexible/Staff-Software-Engineer_JR103716-1?jobFamilyGroup=0b40e66ca32e1025ac5265e727b00002
Genesys,"Senior Software Engineer",https://genesys.wd1.myworkdayjobs.com/en-US/Genesys/job/Indianapolis-IN/Senior-Software-Engineer_JR103678-1?jobFamilyGroup=0b40e66ca32e1025ac5265e727b00002
Genesys,"Senior Software Engineer, Big Data",https://genesys.wd1.myworkdayjobs.com/en-US/Genesys/job/Toronto-Flexible/Senior-Software-Engineer--Big-Data_JR103435-1?jobFamilyGroup=0b40e66ca32e1025ac5265e727b00002
Genesys,"Sr. Software Engineer- Performance Engineering",https://genesys.wd1.myworkdayjobs.com/en-US/Genesys/job/Virtual-Office-Ireland/Sr-Software-Engineer--Performance-Engineering_JR103177?jobFamilyGroup=0b40e66ca32e1025ac5265e727b00002
Genesys,"Senior Software Developer, QA",https://genesys.wd1.myworkdayjobs.com/en-US/Genesys/job/Toronto-Canada/Senior-Software-Developer--QA_JR103569-1?jobFamilyGroup=0b40e66ca32e1025ac5265e727b00002
Genesys,"Principal Software Developer",https://genesys.wd1.myworkdayjobs.com/en-US/Genesys/job/Toronto-Canada/Principal-Software-Developer_JR103297?jobFamilyGroup=0b40e66ca32e1025ac5265e727b00002
Genesys,"Principal Software Engineer",https://genesys.wd1.myworkdayjobs.com/en-US/Genesys/job/Budapest-Flexible/Principal-Software-Architect_JR101957-1?jobFamilyGroup=0b40e66ca32e1025ac5265e727b00002
Genesys,"Sr. Software Engineer - Full Stack",https://genesys.wd1.myworkdayjobs.com/en-US/Genesys/job/Galway-Ireland/Sr-Software-Engineer---Full-Stack_JR103128?jobFamilyGroup=0b40e66ca32e1025ac5265e727b00002
Cisco,"Senior Full-Stack Software Engineer - Ruby-on-Rails-focused, Remote within the U.S. and Canada",https://jobs.cisco.com/jobs/ProjectDetail/Senior-Full-Stack-Software-Engineer-Ruby-on-Rails-focused-Remote-within-the-U-S-and-Canada/1418819?source=Cisco+Jobs+Career+Site&tags=CDC+Browse+all+jobs+careers
Cisco,"Presentation Integrations Software Engineer Intern - Slido",https://jobs.cisco.com/jobs/ProjectDetail/Presentation-Integrations-Software-Engineer-Intern-Slido/1419197?source=Cisco+Jobs+Career+Site&tags=CDC+Browse+all+jobs+careers
Cisco,"Software / QA Engineer - Wireless (Meraki) - G4",https://jobs.cisco.com/jobs/ProjectDetail/Software-QA-Engineer-Wireless-Meraki-G4/1419346?source=Cisco+Jobs+Career+Site&tags=CDC+Browse+all+jobs+careers
Cisco,"Software / QA Engineer - Wireless (Meraki) G6",https://jobs.cisco.com/jobs/ProjectDetail/Software-QA-Engineer-Wireless-Meraki-G6/1419349?source=Cisco+Jobs+Career+Site&tags=CDC+Browse+all+jobs+careers
Cisco,"1418842 Automation Software Consulting Engineer",https://jobs.cisco.com/jobs/ProjectDetail/1418842-Automation-Software-Consulting-Engineer/1418842?source=Cisco+Jobs+Career+Site&tags=CDC+Browse+all+jobs+careers
"Scale Computing","Senior Backend Software Engineer",https://www.scalecomputing.com/documents/Senior-Backend-Software-Engineer.pdf
"Scale Computing","Software Development Engineer - C++",https://www.scalecomputing.com/documents/Software-Engineer-C.pdf
"Scale Computing","Senior Software Engineer - Container Infrastructure",https://www.scalecomputing.com/documents/Senior-Software-Engineer-Container-Infrastructure.pdf
"Scale Computing","Software Security Automation Engineer",https://www.scalecomputing.com/documents/Software-Security-Automation-Engineer.pdf
"Versa Networks","Security Software Development Engineer",https://jobs.jobvite.com/versa-networks/job/ohl5qfwR
"Versa Networks","Software Engineer Cloud Platforms",https://jobs.jobvite.com/versa-networks/job/oO91rfw9
"AnyDesk Software","Software Developer – Erlang (m/f/d)",https://boards.eu.greenhouse.io/anydesk/jobs/4208588101
"AnyDesk Software","Lead Software Developer (m/f/d)",https://boards.eu.greenhouse.io/anydesk/jobs/4221756101
"AnyDesk Software","Software Developer C++ (m/f/d)",https://boards.eu.greenhouse.io/anydesk/jobs/4208609101
"AnyDesk Software","Software Developer Generalist (m/f/d)",https://boards.eu.greenhouse.io/anydesk/jobs/4208624101
"AnyDesk Software","(Junior) Software Tester (m/f/d)",https://boards.eu.greenhouse.io/anydesk/jobs/4208627101
"AnyDesk Software","Salesforce Software Engineer (m/f/d)",https://boards.eu.greenhouse.io/anydesk/jobs/4224013101
CM.com,"Senior Software Engineer (Voice)",https://jobs.cm.com/o/senior-software-engineer-voice
Bitdefender,"Software Developer iOS",https://bitdefender.csod.com/ux/ats/careersite/1/home/requisition/298?c=bitdefender
Five9,"(Software Developer) Software Engineer",https://www.five9.com/about/careers/job-detail?gh_jid=4867838004
Five9,"Graduate Software Engineer",https://www.five9.com/about/careers/job-detail?gh_jid=5011884004
Five9,"Senior Software Engineer – Frontend",https://www.five9.com/about/careers/job-detail?gh_jid=5066298004
Five9,"Senior Software Engineer – Fullstack",https://www.five9.com/about/careers/job-detail?gh_jid=5066403004
Five9,"Full Stack Software Engineer II",https://www.five9.com/about/careers/job-detail?gh_jid=5065730004
Five9,"Senior Full Stack Software Engineer",https://www.five9.com/about/careers/job-detail?gh_jid=5065705004
Five9,"Senior Software Engineer - ACD Team",https://www.five9.com/about/careers/job-detail?gh_jid=5065931004
Five9,"Senior Software Engineer - Cloud",https://www.five9.com/about/careers/job-detail?gh_jid=5084820004
Five9,"Senior Software Engineer – Core Team",https://www.five9.com/about/careers/job-detail?gh_jid=5073610004
Five9,"Senior Software Engineer - Java",https://www.five9.com/about/careers/job-detail?gh_jid=5062984004
Five9,"Senior Software Engineer – Java",https://www.five9.com/about/careers/job-detail?gh_jid=5064292004
Five9,"Software Engineer II – Java",https://www.five9.com/about/careers/job-detail?gh_jid=5080848004
Five9,"Senior Software Engineer - Digital",https://www.five9.com/about/careers/job-detail?gh_jid=5084578004
Five9,"Software Engineer II - Digital",https://www.five9.com/about/careers/job-detail?gh_jid=5084598004
Five9,"Senior Software Engineer - API Gateway/Developer Portal",https://www.five9.com/about/careers/job-detail?gh_jid=5078867004
Five9,"Senior Software Engineer – Identity Provider",https://www.five9.com/about/careers/job-detail?gh_jid=5073569004
Five9,"Senior Software Engineer - Platform IDP",https://www.five9.com/about/careers/job-detail?gh_jid=5066542004
Five9,"Senior Software Engineer – Platform Infrastructure",https://www.five9.com/about/careers/job-detail?gh_jid=5064245004
Five9,"Senior Software Engineer – Big Data",https://www.five9.com/about/careers/job-detail?gh_jid=5093379004
Five9,"Senior Software Engineer – JavaScript/VoIP",https://www.five9.com/about/careers/job-detail?gh_jid=5077200004
Five9,"Senior Software Engineer – Java/VoIP",https://www.five9.com/about/careers/job-detail?gh_jid=5078240004
Five9,"Senior Software Engineer - Voice Telco",https://www.five9.com/about/careers/job-detail?gh_jid=5086816004
Five9,"Software Engineer II - C++/JavaScript VoIP",https://www.five9.com/about/careers/job-detail?gh_jid=5084513004
Five9,"Software Engineer II - Voice Telco",https://www.five9.com/about/careers/job-detail?gh_jid=5089749004
Five9,"Software Quality Assurance Specialist",https://www.five9.com/about/careers/job-detail?gh_jid=5041151004
Five9,"Staff Software Engineer – Voice",https://www.five9.com/about/careers/job-detail?gh_jid=5069451004
Five9,"Subject Matter Expert (Software Developer)",https://www.five9.com/about/careers/job-detail?gh_jid=4756679004
Five9,"Senior Product Manager, Interaction Management (Contact Center Software)",https://www.five9.com/about/careers/job-detail?gh_jid=5096594004
Five9,"2024 Security Software Engineer Internship",https://www.five9.com/about/careers/job-detail?gh_jid=5116728004
Five9,"Senior Software Engineer",https://www.five9.com/about/careers/job-detail?gh_jid=5116871004
Five9,"Software Engineer II",https://www.five9.com/about/careers/job-detail?gh_jid=5116876004
"Vodafone Business","Group UK Software Engineering Apprenticeship (Level 6)",https://jobs.vodafone.com/
"Vodafone Business","Software Test Engineer_VOIS",https://jobs.vodafone.com/
"Vodafone Business","Senior Software Engineer - Java",https://jobs.vodafone.com/
"Vodafone Business","Software Engineer",https://jobs.vodafone.com/
"Vodafone Business","Java Software Engineer",https://jobs.vodafone.com/
"Windstream Enterprise","Software Engineer-II",https://careers.windstream.com/en-US/job/software-engineer-ii/J3M6W96MFRQVS73YDX0
"Windstream Enterprise","Software Engineer-II",https://careers.windstream.com/en-US/job/software-engineer-ii/J3P76M5Z06CLWRB0MFG
"Windstream Enterprise","Software Engineer-I",https://careers.windstream.com/en-US/job/software-engineer-i/J3R1XJ6K4KVNPPVVMYG
"Windstream Enterprise","Software Engineer-II",https://careers.windstream.com/en-US/job/software-engineer-ii/J3V38C694XKKPFX646T
"Windstream Enterprise","Software Engineer-I",https://careers.windstream.com/en-US/job/software-engineer-i/J3W8HW6XLGXV55BR3GT
"Windstream Enterprise","Software Engineer-I",https://careers.windstream.com/en-US/job/software-engineer-i/J3N10H6HCJZFZZS4P49
Kore.ai,"Software Engineering Manager",https://kore.ai/
Intermedia,"Software Developer - Java | Portugal",https://intermeinc.hrmdirect.com/Mind/CRA/AI_Experiments/Job_Crawlers/Peter/adminlte-generator/ParkerScripts/Companies/intermeinc.hrmdirect.com/HTMLs/80/job-opening.php?req=2831326&req_loc=&&cust_sort1=-1&cust_sort2=-1&#job
Intermedia,"Software Developer - C++ | Portugal",https://intermeinc.hrmdirect.com/Mind/CRA/AI_Experiments/Job_Crawlers/Peter/adminlte-generator/ParkerScripts/Companies/intermeinc.hrmdirect.com/HTMLs/80/job-opening.php?req=2830659&req_loc=&&cust_sort1=-1&cust_sort2=-1&#job
Intermedia,"Senior Software Developer - C# | Portugal",https://intermeinc.hrmdirect.com/Mind/CRA/AI_Experiments/Job_Crawlers/Peter/adminlte-generator/ParkerScripts/Companies/intermeinc.hrmdirect.com/HTMLs/80/job-opening.php?req=2834827&req_loc=&&cust_sort1=-1&cust_sort2=-1&#job
"Cato Networks","Senior Software Engineer",https://www.catonetworks.com/careers/careers-post/4239377101/
"Cato Networks","Software Architect",https://www.catonetworks.com/careers/careers-post/4230044101/
"Cato Networks","Software Engineer (C)",https://www.catonetworks.com/careers/careers-post/4278959101/
"Cato Networks","Software Engineer - Data Platform",https://www.catonetworks.com/careers/careers-post/4153135101/
Hornetsecurity,"Team Lead Software Development",https://www.hornetsecurity.com/en/jobs/team-lead-software-development/
Hornetsecurity,"Software Developer in Test (Backup & Compliance Team)",https://www.hornetsecurity.com/en/jobs/software-developer-in-test-in-backup-and-compliance/
Hornetsecurity,"Software Developer",https://www.hornetsecurity.com/en/jobs/software-developer/
Hornetsecurity,"Software Developer in Test",https://www.hornetsecurity.com/en/jobs/software-developer-in-test-skopje/
Hornetsecurity,"Intern in Software Development – Malta",https://www.hornetsecurity.com/en/jobs/intern-software-development-malta/
Zoom,"Software Engineering Manager",https://careers.zoom.us/jobs/software-engineering-manager-san-jose-california-united-states
Zoom,"software engineer-java（ZE）",https://careers.zoom.us/jobs/software-engineer-java-ze-zhejiang-china
Zoom,"Senior Software Engineer, Contact Center",https://careers.zoom.us/jobs/senior-software-engineer-contact-center-remote-washington-united-states
Zoom,"Software QA Engineer",https://careers.zoom.us/jobs/software-qa-engineer-zhejiang-china
Zoom,"Software Engineer",https://careers.zoom.us/jobs/software-engineer-india-a975352f-9729-4adf-a1c2-48409d05d5e4
"Zayo Group","Senior Backend Software Engineer",https://zayo.wd1.myworkdayjobs.com/en-US/Zayo_Careers/job/Remote---CA/Senior-Backend-Software-Engineer_R0013027?jobFamily=41933b7a7285108308068988ddfe5776&jobFamily=41933b7a7285108308068575cb0b5772
"Zayo Group","Senior Frontend Software Engineer",https://zayo.wd1.myworkdayjobs.com/en-US/Zayo_Careers/job/Remote---CA/Senior-Frontend-Software-Engineer_R0013028?jobFamily=41933b7a7285108308068988ddfe5776&jobFamily=41933b7a7285108308068575cb0b5772
CallTower,"Principle Software Developer/Manager",https://recruiting.paylocity.com/Recruiting/Jobs/Details/2277659
"SIB Fixed Cost Reduction","Lead Java Software Architect",https://recruiting.paylocity.com/Recruiting/Jobs/Details/2248865
Druva,"Senior Staff Software Engineer",https://www.druva.com/about/careers/jobs/5631814002/?gh_jid=5631814002
Druva,"Senior Staff Software Engineer",https://www.druva.com/about/careers/jobs/6585525002/?gh_jid=6585525002
Druva,"Staff Software Development Engineer in Test",https://www.druva.com/about/careers/jobs/7085937002/?gh_jid=7085937002
Druva,"Senior Staff Software Development Engineer in Test",https://www.druva.com/about/careers/jobs/7042415002/?gh_jid=7042415002
Druva,"Software Engineer (Development)",https://www.druva.com/about/careers/jobs/7161633002/?gh_jid=7161633002
Druva,"Staff Software Engineer",https://www.druva.com/about/careers/jobs/7084002002/?gh_jid=7084002002
Druva,"Senior Staff Software Engineer",https://www.druva.com/about/careers/jobs/7063504002/?gh_jid=7063504002
Druva,"Software Development Engineer in Test",https://www.druva.com/about/careers/jobs/7085891002/?gh_jid=7085891002
Druva,"Senior Staff Software Engineer",https://www.druva.com/about/careers/jobs/6960215002/?gh_jid=6960215002
ZipRecruiter,"Software Engineering Manager, Data Tools","https://www.ziprecruiter.com/c/ZipRecruiter/Job/Software-Engineering-Manager,-Data-Tools/-in-Santa-Monica,CA?jid=Q03f90393-7347dbc1&widgetlink=1&same_org_id=1"
Pax8,"Sr. Software Engineer - Data",https://www.pax8.com/en-us/careers/job-openings?gh_jid=4992842004
"Spectrum Partner Program","Software Engineer III",https://jobs.spectrum.com/job/englewood/software-engineer-iii/4673/61989404592
"Spectrum Partner Program","Lead Software Engineer",https://jobs.spectrum.com/job/maryland-heights/lead-software-engineer/4673/61989394176
"Spectrum Partner Program","Software Engineer IV - Node.js Developer",https://jobs.spectrum.com/job/greenwood-village/software-engineer-iv-node-js-developer/4673/60469779712
"Spectrum Partner Program","Software Engineer IV - Node.js Developer",https://jobs.spectrum.com/job/charlotte/software-engineer-iv-node-js-developer/4673/60469777712
"Spectrum Partner Program","Software Engineer VI - Node.js Developer",https://jobs.spectrum.com/job/louisville/software-engineer-vi-node-js-developer/4673/61655166400
"Spectrum Partner Program","Software Engineer VI - Node.js Developer",https://jobs.spectrum.com/job/greenwood-village/software-engineer-vi-node-js-developer/4673/60469776544
"Spectrum Partner Program","Software Engineer VI - Node.js Developer",https://jobs.spectrum.com/job/charlotte/software-engineer-vi-node-js-developer/4673/60469776528
