data:text/csv;charset=utf-8,URL,Href
https://clutch.co/profile/inventorsoft,https://inventorsoft.co/?utm_source=clutch.co&utm_medium=referral&utm_campaign=directory
https://clutch.co/profile/startupsoft,https://www.startupsoft.com/?utm_source=clutch.co&utm_medium=referral
https://clutch.co/profile/binerals,https://binerals.com/?utm_source=clutch.co&utm_medium=referral&utm_campaign=directory&utm_content=clutch
https://clutch.co/profile/codify-idea,https://www.codifyidea.com/
https://clutch.co/profile/intertrade-consulting,https://intertrade-consulting.com/
https://clutch.co/profile/it-leadeu-software-outsourcing-company,https://it-lead.eu/
https://clutch.co/profile/engineer-box,https://engineerbox.uk/
https://clutch.co/profile/innovations-business-0,https://ifb.ltd/
https://clutch.co/profile/checkmate-global-technologies,https://www.checkmateq.com/
https://clutch.co/profile/heads-here,https://www.headshere.com/
https://clutch.co/profile/cosumus,https://cosumus.com/
https://clutch.co/profile/trust-recruitment-services,https://trustrecruitmentservices.com/
https://clutch.co/profile/rubycode,https://rubycode.co/?utm_source=clutch.co&utm_medium=referral&utm_campaign=directory
https://clutch.co/profile/pradeepit-consulting-services-private,https://pradeepit.com/
https://clutch.co/profile/smartchoice-international,https://www.smartchoice-international.com/
https://clutch.co/profile/f10-software-solutions,https://f10solutions.co.uk/
https://clutch.co/profile/photon-brains,https://photonbrains.com/
https://clutch.co/profile/devsoldiers,https://devsoldiers.com/
https://clutch.co/profile/ultimate-games-mobile,https://ulgmobile.com/
https://clutch.co/profile/pomerico-group,https://pomerico.com/?utm_source=clutch&utm_medium=clutch&utm_campaign=clutch&utm_term=clutch&utm_content=clutch
https://clutch.co/profile/ittude,https://ittude.one/
https://clutch.co/profile/gabsoft,https://www.gabsoft.io/
https://clutch.co/profile/saqaya,https://saqaya.com/
https://clutch.co/profile/arrowhead-development-doo,https://arrowhead.rs/
https://clutch.co/profile/talentshub,https://talentshub.eu/
https://clutch.co/profile/yotewo,https://yotewo.com/
https://clutch.co/profile/expert-allies,https://expertallies.com/
https://clutch.co/profile/softaims,https://softaims.com/
https://clutch.co/profile/cyber64-adobe-experience-cloud,https://cyber64.com/
https://clutch.co/profile/game-ace,https://game-ace.com/?utm_source=clutch-link&utm_medium=clutch-link&utm_campaign=clutch-link&utm_content=clutch_main_page
https://clutch.co/profile/pitechplus,https://www.pitechplus.com/
https://clutch.co/profile/symphony-solutions,https://symphony-solutions.com/?utm_source=clutch.co&utm_medium=directory
https://clutch.co/profile/xessable,https://www.xessable.com/
https://clutch.co/profile/intagleo-systems,https://www.intagleo.com/
https://clutch.co/profile/soft-0,https://inc-soft.com/
https://clutch.co/profile/ambo-software,https://www.ambo.ro/
https://clutch.co/profile/suitedsoft,https://suitedsoft.com/
https://clutch.co/profile/qualbees,https://qualbees.com/
https://clutch.co/profile/aerodlv,https://aerodlv.com/en
https://clutch.co/profile/appniv,http://www.appniv.com/
https://clutch.co/profile/6bridges,https://6bridges.io/
https://clutch.co/profile/urolime-technologies,https://www.urolime.com/
https://clutch.co/profile/qoobdev,https://www.qoob.dev/
https://clutch.co/profile/clever-solutions,https://cleversolutions.rs/
https://clutch.co/profile/maxylogic,http://maxylogic.com/
https://clutch.co/profile/wtmcodex-ug,https://www.wtmcodex.com/
https://clutch.co/profile/nomadcy,https://www.nomadcy.com/
https://clutch.co/profile/servalit,https://servalit.com/
https://clutch.co/profile/koukio-solutions,https://koukio.com/
https://clutch.co/profile/noma-solutions,http://www.nomasolutions.pl/
https://clutch.co/profile/innovagile,https://www.innovagile.com/
https://clutch.co/profile/welf-lab,https://welflab.com/
https://clutch.co/profile/dcg,https://dcg.team/
https://clutch.co/profile/aimtraction,https://aimtraction.software/
https://clutch.co/profile/lets-go-devops,https://www.letsgodevops.pl/
https://clutch.co/profile/abc-tech-group,http://www.abc-techgroup.com/
https://clutch.co/profile/mle-systems-0,https://www.mlesystems.com/
https://clutch.co/profile/innovensa,https://www.innovensa.co.uk/
https://clutch.co/profile/blueghost,https://www.blueghost.cz/
https://clutch.co/profile/fleye-0,https://www.fleye.me/
https://clutch.co/profile/glove,https://glove.studio/
https://clutch.co/profile/smartlinks,https://www.smartlinks.pt/
https://clutch.co/profile/smart-net,https://smartnet.ua/
https://clutch.co/profile/orange-sputnik,https://www.orangesputnik.eu/
https://clutch.co/profile/ginkgo-ukraine,https://www.ginkgoukraine.com/
https://clutch.co/profile/jazzros,https://www.jazzros.com/
https://clutch.co/profile/dkc-software,https://dkc.software/
https://clutch.co/profile/altimi,http://www.altimi.com/
https://clutch.co/profile/codeseek,https://www.code-seek.com/
https://clutch.co/profile/byteminds,https://www.byteminds.co.uk/
https://clutch.co/profile/thegravity,http://www.thegravity.eu/
https://clutch.co/profile/black-rack,https://blackrack.pl/
https://clutch.co/profile/ortom8,http://www.ortom8.com/
https://clutch.co/profile/avantgarde-labs,https://avantgarde-labs.com/
https://clutch.co/profile/attrecto-next-tech-digital-solutions,http://www.attrecto.com/
https://clutch.co/profile/max-planck,https://www.maxplanck.dev/
https://clutch.co/profile/deployflow,https://www.deployflow.co/
https://clutch.co/profile/dealinweb-srl,https://dealinweb.com/
https://clutch.co/profile/execon-one,https://execon.pl/
https://clutch.co/profile/testinium,https://www.testinium.com/
https://clutch.co/profile/imcrinox,https://www.imcrinox.com/
https://clutch.co/profile/sidnet,https://sidnet.info/
https://clutch.co/profile/remotestar,https://www.remotestar.io/
https://clutch.co/profile/krasty-soft,https://www.krasty.me/
https://clutch.co/profile/mindsampampampampampampampampmore,https://mindsandmore.biz/
https://clutch.co/profile/trendline,https://trendlineglobal.net/
https://clutch.co/profile/leksq,https://leksq.com/
https://clutch.co/profile/silesiaworks,http://www.silesiaworks.com/?utm_source=clutch&utm_medium=referral
https://clutch.co/profile/kontorva,https://kontorva.com/
https://clutch.co/profile/7ninjas,https://7ninjas.com/?utm_source=clutch.co&utm_medium=referral
https://clutch.co/profile/wunderdog-0,https://www.wunderdog.io/
https://clutch.co/profile/suto-games,https://sutogames.com/
https://clutch.co/profile/skillreveal-gmbh-0,https://skillreveal.io/
https://clutch.co/profile/plenti,https://plenti.pl/en
https://clutch.co/profile/teceze,http://teceze.com/
https://clutch.co/profile/uptalen,https://www.uptalen.com/
https://clutch.co/profile/altasoft-software-solutions,https://altasoft-solutions.com/
https://clutch.co/profile/blackbelt-holding-zrt,http://www.blackbelt.hu/
https://clutch.co/profile/crewnewcom,https://crewnew.com/
https://clutch.co/profile/yotalabs,http://yotalabs.com/
https://clutch.co/profile/intertecio,https://www.intertec.io/
https://clutch.co/profile/aspire-software-consultancy,https://aspiresoftwareconsultancy.com/
https://clutch.co/profile/communere,https://communere.com/
https://clutch.co/profile/aelum-consulting-servicenow-premier-partner,https://aelumconsulting.com/
https://clutch.co/profile/motion-software,https://motion-software.com/
https://clutch.co/profile/scube,https://scube.co/
https://clutch.co/profile/owleks,https://owleks.com/
https://clutch.co/profile/it-engine,https://www.itengine.rs/
https://clutch.co/profile/boosta,https://boosta.pro/
https://clutch.co/profile/wunderbytes,https://wunderbytes.eu/
https://clutch.co/profile/riff-point,https://riffpoint.com/
https://clutch.co/profile/nortik-software-solutions,https://nortiksoftware.com/
https://clutch.co/profile/romark,https://romarkcode.com/
https://clutch.co/profile/peoly,https://www.peoly.com/
https://clutch.co/profile/ameware-group,https://amewaregroup.com/
https://clutch.co/profile/saratoga,http://www.saratoga.co.za/
https://clutch.co/profile/newredo,https://www.newredo.com/
https://clutch.co/profile/aberit-interactive-agency-software-house,https://aberit.eu/pl/
https://clutch.co/profile/epinote,https://epinote.io/
https://clutch.co/profile/dvash,https://www.dvash.pl/
https://clutch.co/profile/sphinx-worldbiz,http://www.sphinxworldbiz.net/
https://clutch.co/profile/lighthouse-growth-sp-z-oo,http://www.lighthouse-growth.com/
https://clutch.co/profile/workitnow,http://www.workitnow.pl/
https://clutch.co/profile/jdv-technologies,https://www.jdvtechs.com/
https://clutch.co/profile/amsterdam-standard,https://amsterdamstandard.com/en
https://clutch.co/profile/sharpminds-bv,https://www.sharpminds.com/
https://clutch.co/profile/crunch,https://crunch.is/?utm_source=clutch.co&utm_medium=referral&utm_campaign=directory
https://clutch.co/profile/digitals-oyt,https://digitalsforhealth.co.uk/
https://clutch.co/profile/artecha,https://artecha.com/?utm_source=clutch&utm_medium=referral
https://clutch.co/profile/intway,https://intway.com/
https://clutch.co/profile/codeclutch,https://codeclutch.dev/
https://clutch.co/profile/cognitum-services-sa,https://www.cognitum.eu/
https://clutch.co/profile/musketeers-tech,https://musketeerstech.com/
https://clutch.co/profile/house-code,https://thehouseofcode.com/
https://clutch.co/profile/corescripts-technologies,http://corescriptstechnologies.co.uk/
https://clutch.co/profile/inkodus-uab,https://inkodus.com/
https://clutch.co/profile/cloud9devs,https://cloud9devs.com/
https://clutch.co/profile/webellian,https://webellian.com/
https://clutch.co/profile/tsmg-holding,https://tsmg.io/
https://clutch.co/profile/redtag,http://redtag.pro/
https://clutch.co/profile/amaris,http://www.amaris.com/
https://clutch.co/profile/spyrosoft,http://www.spyro-soft.com/
https://clutch.co/profile/cloud-primero,https://www.cloudprimero.com/
https://clutch.co/profile/siteclick,https://siteclick.ro/
https://clutch.co/profile/furious-fox,https://furiousfox.co.uk/
https://clutch.co/profile/findigo,https://www.findigo.io/
https://clutch.co/profile/rewsoft,https://www.rewsoft.pl/?utm_source=clutch.co&utm_medium=referral
https://clutch.co/profile/tech-ask-ou,http://tech-ask.com/
https://clutch.co/profile/code-badgers,https://codebadgers.io/
https://clutch.co/profile/itsg-global,https://itsg-global.com/
https://clutch.co/profile/finestmedia,https://finestmedia.ee/
https://clutch.co/profile/veezble,https://www.veezble.com/
https://clutch.co/profile/krystosoft,https://krystosoft.com/
https://clutch.co/profile/smart-working,https://smartworking-solutions.com/
https://clutch.co/profile/itboom-sp-z-oo,https://itboom.pl/
https://clutch.co/profile/apom-solutions,http://apom.solutions/
https://clutch.co/profile/fomo-solutions-sp-z-oo,https://fomosolutions.pl/
https://clutch.co/profile/webmagnat,http://www.webmagnat.us/
https://clutch.co/profile/growin,https://www.growin.com/
https://clutch.co/profile/logik-labs,https://logiklabs.io/
https://clutch.co/profile/geek-solutions,https://www.geeksolutions.co/
https://clutch.co/profile/qaltivate,https://qaltivate.com/
https://clutch.co/profile/one-technology-services,https://onetechnologyservices.com/
https://clutch.co/profile/code-provider,https://code-provider.com/
https://clutch.co/profile/connectpoint,https://connectpoint.eu/
https://clutch.co/profile/creative-cooperative,https://ccoop.ws/
https://clutch.co/profile/queenslab,https://queenslab.co/
https://clutch.co/profile/yozmatech,https://yozmatech.com/
https://clutch.co/profile/opentech,http://opentech.dev/
https://clutch.co/profile/skytech-it,http://skytech-it.com/
https://clutch.co/profile/dyrectorio,https://devops.dyrector.io/
https://clutch.co/profile/it-resistance,https://www.itresistance.com/
https://clutch.co/profile/softelnet,https://www.softelnet.com/
https://clutch.co/profile/prostrive-bv,https://www.prostrive.io/
https://clutch.co/profile/trilight-security,https://trilightsecurity.com/
https://clutch.co/profile/itsteady-0,https://itsteady.com/
https://clutch.co/profile/wisedigitaltech,https://wisedigital.tech/
https://clutch.co/profile/920-solutions-0,https://920.solutions/
https://clutch.co/profile/foreto,https://foreto.com/
https://clutch.co/profile/makelite,https://makelite.solutions/
https://clutch.co/profile/digital-hiring-it-digital-recruitment-poland-europe-ukraine-us,https://digitalhiring.agency/
https://clutch.co/profile/punktum,https://punktum.net/
https://clutch.co/profile/apter,https://apter.tech/
https://clutch.co/profile/tumba-solutions,https://www.tumba.solutions/
https://clutch.co/profile/aisconverse,http://aisconverse.com/
https://clutch.co/profile/kodevent-0,https://kodevent.com/
https://clutch.co/profile/zenitech,http://www.zenitech.co.uk/
https://clutch.co/profile/futurecode-it-consulting,https://future-code.dev/
https://clutch.co/profile/meritstory,https://www.meritstory.com/
https://clutch.co/profile/suntechit-global,https://suntechit.global/
https://clutch.co/profile/zero-down-time,https://zerodt.io/
https://clutch.co/profile/whirr-crew-sro,https://whirrcrew.com/
https://clutch.co/profile/businessskills,https://businessskills.net/
https://clutch.co/profile/onwelo,http://www.onwelo.com/
https://clutch.co/profile/croatiatechcom,http://www.croatiatech.com/
https://clutch.co/profile/quontex,https://quontex.co/
https://clutch.co/profile/make-it,https://mkit.io/
https://clutch.co/profile/mente,https://mente.io/
https://clutch.co/profile/webx-software-0,https://webxsoftware.com/
https://clutch.co/profile/outcloud,https://out.cloud/
https://clutch.co/profile/itselecta-it-recruitment,http://itselecta.com/
https://clutch.co/profile/digihey,http://www.digihey.com/
https://clutch.co/profile/matchitme,https://www.matchit.me/
https://clutch.co/profile/prographers,https://www.prographers.com/
https://clutch.co/profile/humanit,http://humanit.pro/
https://clutch.co/profile/cloudica,http://cloudicagroup.com/
https://clutch.co/profile/people-more-psa,https://peoplemore.eu/
https://clutch.co/profile/osmium,https://outstaff-osmium.com/
https://clutch.co/profile/konnect-way,http://www.konnectway.com/
https://clutch.co/profile/directio,https://www.directio.com/
https://clutch.co/profile/eveliko,https://www.eveliko.com/
https://clutch.co/profile/devbox-technologies,https://devboxtech.co.uk/
https://clutch.co/profile/pratham-software,https://www.thepsi.com/
https://clutch.co/profile/iteamly,https://www.iteamly.com/
https://clutch.co/profile/bost,https://www.bost.ee/
https://clutch.co/profile/softelligence,https://www.softelligence.net/
https://clutch.co/profile/linkersoft-group,https://linkersoft.ge/
https://clutch.co/profile/developers-shore,https://developersshore.com/
https://clutch.co/profile/weone,https://weone.ai/
https://clutch.co/profile/vinditek,https://www.vinditek.com/
https://clutch.co/profile/bunch-consulting,https://bunch.consulting/
https://clutch.co/profile/wave-europe,http://onthewave.co/
https://clutch.co/profile/captivate-solutions-tech,https://www.captivatesolutions.co.uk/
https://clutch.co/profile/mindpath-technology,http://www.mindpathtech.com/
https://clutch.co/profile/webcapital,https://webcapital.hu/
https://clutch.co/profile/resorcer,https://resorcer.com/
https://clutch.co/profile/system-integration,https://sysint.net/
https://clutch.co/profile/10a-software-house,https://10a.io/
https://clutch.co/profile/evlabs,https://evlabs.ltd/
https://clutch.co/profile/shaped-thoughts,https://shapedthoughts.io/
https://clutch.co/profile/ubslogic,https://www.ubslogic.com/
https://clutch.co/profile/vallex,https://vallex.io/
https://clutch.co/profile/almacore,https://almacore.io/
https://clutch.co/profile/satva-softech,http://satvasoftech.com/
https://clutch.co/profile/transition-technologies-psc,https://ttpsc.com/
https://clutch.co/profile/rocktech-technologies,http://rocktech.digital/
https://clutch.co/profile/oakfusion,http://www.oakfusion.com/?utm_source=clutch.co&utm_medium=referral&utm_campaign=directory
https://clutch.co/profile/netfork,https://netfork.io/
https://clutch.co/profile/viercode,https://viercode.com/
https://clutch.co/profile/aplitt-sp-z-oo-0,https://aplitt.pl/
https://clutch.co/profile/cyber-bee,https://cyberbee.dev/
https://clutch.co/profile/techpods-jsc,https://techpods.co/
https://clutch.co/profile/monosoft,https://monosoft.dev/
https://clutch.co/profile/genuitek,http://www.genuitek.com/
https://clutch.co/profile/teamcubate,https://teamcubate.com/
https://clutch.co/profile/zaag-systems,https://zaagsys.com/
https://clutch.co/profile/eudevelopers,http://business.eudevelopers.com/
https://clutch.co/profile/bilsoft,https://bilsoft.dev/
https://clutch.co/profile/razom-software,https://razomsoftware.com/
https://clutch.co/profile/taurus-quadra-0,https://tau-quadra.com/
https://clutch.co/profile/codepole,https://www.codepole.com/
https://clutch.co/profile/sagiton,https://www.sagiton.pl/?utm_source=clutch.co&utm_medium=referral
https://clutch.co/profile/mpc-1,https://massivepixel.io/?utm_source=clutch.co&utm_medium=referral&utm_campaign=directory
https://clutch.co/profile/hks-manpower-group,https://hksmanpower.com/
https://clutch.co/profile/software-interactive,https://softint.eu/
https://clutch.co/profile/hire-ukrainian-developers,https://hireukrainiandevelopers.com/
https://clutch.co/profile/algomine,https://algomine.ai/
https://clutch.co/profile/mission-hire-ex-tri-foundation,https://missionhire.tech/
https://clutch.co/profile/tupelo,https://www.tupelo.tech/
https://clutch.co/profile/dezital-technologies,https://www.dezital.com/
https://clutch.co/profile/bringonboard,https://www.bringonboard.io/?utm_medium=referral&utm_source=clutch.co&utm_campaign=directory
https://clutch.co/profile/agile-fuel,https://agilefuel.com/
https://clutch.co/profile/umind,https://umind.tech/
https://clutch.co/profile/zenwaycode,https://zenwaycode.com/
https://clutch.co/profile/optiveum,http://www.optiveum.com/
https://clutch.co/profile/morethan,https://morethan.ua/en/
https://clutch.co/profile/make-it-ua,https://www.makeitinua.com/
https://clutch.co/profile/goldenore,https://www.goldenore.com/en/
https://clutch.co/profile/gremcy,https://gremcy.com/en/
https://clutch.co/profile/exaco,https://exaco.pl/
https://clutch.co/profile/volcanic-internet,https://volcanicinternet.com/en/
https://clutch.co/profile/beereal-0,https://beerealit.com/
https://clutch.co/profile/onectus-technologies,https://onectus.com/
https://clutch.co/profile/raccoon-depot,http://raccoondepot.com/
https://clutch.co/profile/baltic-amadeus,https://www.ba.lt/en/
https://clutch.co/profile/altigee,https://altigee.com/
https://clutch.co/profile/hireflare,https://hireflare.com/
https://clutch.co/profile/qualysoft,https://www.qualysoft.com/en
https://clutch.co/profile/softgeneral,https://softgeneral.com/?utm_source=clutch&utm_medium=profile&utm_campaign=company_profile
https://clutch.co/profile/gravelsoft,https://gravelsoft.com/
https://clutch.co/profile/reflection-infosys,https://www.rflinfosys.com/?utm_source=clutch.co&utm_medium=referral&utm_campaign=directory
https://clutch.co/profile/inforce,http://inforce.digital/
https://clutch.co/profile/triangu,http://www.triangu.com/
https://clutch.co/profile/softpositive,https://www.softpositive.com/
https://clutch.co/profile/udev-hub,http://www.udevhub.com/
https://clutch.co/profile/vp-team,https://vpteam.io/en
https://clutch.co/profile/talenger,https://www.talenger.co/?utm_source=clutch.co&utm_medium=referral&utm_campaign=directory
https://clutch.co/profile/talentica-agency,https://talentica.agency/
https://clutch.co/profile/brainence,https://brainence.com/
https://clutch.co/profile/hexis-technology-hub,http://hexis-hub.com/
https://clutch.co/profile/4code-sp-z-oo,https://4code.io/
https://clutch.co/profile/clearsky-logic,https://www.clearskylogic.com/
https://clutch.co/profile/unai,https://www.unai.com/
https://clutch.co/profile/brainy-agency,https://brainyagency.com/
https://clutch.co/profile/mainsoft,https://www.mainsoft.org/
https://clutch.co/profile/varwise,https://varwise.com/
https://clutch.co/profile/mintymint,https://mintymint.net/
https://clutch.co/profile/codequest,https://codequest.com/
https://clutch.co/profile/frontetica,https://frontetica.com/
https://clutch.co/profile/gtm-plus,https://gtm-plus.com/?utm_source=clutch.co&utm_medium=referral
https://clutch.co/profile/hivex,https://hivex.tech/
https://clutch.co/profile/jsd-solutions,https://jsd-solutions.com/
https://clutch.co/profile/yellow-recruiting-company,https://yellowrecruiting.com/
https://clutch.co/profile/devbranch,https://dev-branch.com/
https://clutch.co/profile/ace-0,http://ace-agency.co/
https://clutch.co/profile/uppeople,https://uppeople.co/en
https://clutch.co/profile/netls-software-development,https://netls.com.ua/en-us/
https://clutch.co/profile/flawlessmlm-flawless-group,https://flawlessmlm.com/en
https://clutch.co/profile/svitsoftware,https://svit.software/en/
https://clutch.co/profile/plan-1,https://techplana.com/
https://clutch.co/profile/marble-it,https://marbleit.rs/
https://clutch.co/profile/human-power,https://humanpowerbg.com/en
https://clutch.co/profile/crestaff-hiring-factory,https://www.crestaff.agency/
https://clutch.co/profile/standard-1,https://standard-one.com/
https://clutch.co/profile/web-labs,http://www.web-labs.rs/
https://clutch.co/profile/developx,https://developx.com/en/
https://clutch.co/profile/l-one-systems-gmbh,https://www.l-one.de/
https://clutch.co/profile/team-harbour,https://teamharbour.com/?utm_source=clutch.co&utm_medium=referral&utm_campaign=directories
https://clutch.co/profile/truenode,https://truenode.co/
https://clutch.co/profile/customertimes-corp,http://customertimes.com/
https://clutch.co/profile/init-group,https://www.init.hr/
https://clutch.co/profile/sensidev,https://sensidev.net/?utm_source=clutch.co&utm_medium=referral&utm_campaign=directory
https://clutch.co/profile/sqrdtech,http://sqrd.tech/
https://clutch.co/profile/vimera,https://vimera.io/?utm_source=clutch.cp&utm_medium=referral&utm_campaign=profile
https://clutch.co/profile/sfox,https://sfoxmodel.com/home
https://clutch.co/profile/usoftware-0,https://www.usoftware.co/
https://clutch.co/profile/qartrock,http://www.qartrock.com/
https://clutch.co/profile/sd-solutions,http://sdsolutions.tech/
https://clutch.co/profile/valuedriven,https://valuedriven.io/
https://clutch.co/profile/ukrany,http://ukrany.com/
https://clutch.co/profile/softgroup-0,https://soft-group.com/
https://clutch.co/profile/ivy-tech,https://ivy-tech.co/
https://clutch.co/profile/dss-digital-software-solutions,https://dss.bg/
https://clutch.co/profile/techband,https://techband.io/
https://clutch.co/profile/rise-0,https://www.risewithus.co/
https://clutch.co/profile/maestro-1,https://www.maestroand.co/
https://clutch.co/profile/lnoks,https://lnoks.com/
https://clutch.co/profile/flat-rock-technology,https://www.flatrocktech.com/
https://clutch.co/profile/addendum,https://www.addendumgroup.com/
https://clutch.co/profile/gotoinc,http://gotoinc.co/
https://clutch.co/profile/pampampampampampampampampp-solutions-sp-z-oo,https://www.pnpsolutions.pl/
https://clutch.co/profile/avocado-technology,http://avocadotechnology.com/
https://clutch.co/profile/codelevate,https://www.codelevate.com/
https://clutch.co/profile/11sigma,https://11sigma.com/
https://clutch.co/profile/primotly,https://primotly.com/
https://clutch.co/profile/blue-house-technologies,http://bluehouse.tech/
https://clutch.co/profile/codelions,https://codelions.co/home?utm_campaign=Reviews-marketing-promotion&utm_medium=summary&utm_source=clutch&utm_term=clutch
https://clutch.co/profile/leanylabs,https://leanylabs.com/
https://clutch.co/profile/aristek-systems,https://aristeksystems.com/
https://clutch.co/profile/codnity,https://www.codnity.com/
https://clutch.co/profile/hire-ukraine,https://hireukraine.me/
https://clutch.co/profile/coxit,http://coxit.co/
https://clutch.co/profile/euristiq,http://euristiq.com/?utm_source=clutch.co&utm_medium=referral
https://clutch.co/profile/inspeerity,https://inspeerity.com/?utm_source=clutch.co&utm_medium=referral&utm_campaign=link-to-company-site
https://clutch.co/profile/ansi-solutions,https://www.aansi.com/
https://clutch.co/profile/it-force,https://www.itforce.ie/
https://clutch.co/profile/binovate-labs,https://binovate.com/
https://clutch.co/profile/techvision-global,https://techvision.global/
https://clutch.co/profile/primehammer,http://www.primehammer.com/
https://clutch.co/profile/mindbox-0,http://mindboxgroup.com/
https://clutch.co/profile/koia,https://www.koiasoft.no/?utm_source=clutch&utm_medium=org-profile&utm_campaign=marketing-campaign-12-2023
https://clutch.co/profile/qualimatrix-technologies,https://qualimatrix.tech/
https://clutch.co/profile/quantox-technology,https://quantox.com/
https://clutch.co/profile/modsen,https://www.modsen-software.com/?utm_source=clutch&utm_medium=profile&utm_campaign=listing&utm_content=link
https://clutch.co/profile/druit,https://druit.hu/
https://clutch.co/profile/droptica,https://www.droptica.com/?utm_source=clutch.co&utm_medium=referral
https://clutch.co/profile/railay,http://www.railay.co/
https://clutch.co/profile/oves-enterprise,https://ovesenterprise.com/
https://clutch.co/profile/web-recruiters,https://web-recruiters.com/
https://clutch.co/profile/luminos-software,https://luminos.software/about
https://clutch.co/profile/blitzbrain,https://blitz-brain.com/
https://clutch.co/profile/wise-step-recruiting-srl,https://wise-step.ro/
https://clutch.co/profile/alvariumsoft,https://alvariumsoft.com/
https://clutch.co/profile/ip-partner,https://www.ippartner.eu/
https://clutch.co/profile/speedapp-people-you-need,https://speedapp.pl/
https://clutch.co/profile/iternal-group,https://iternal.group/?utm_source=clutch.co&utm_medium=referral&utm_campaign=directory
https://clutch.co/profile/sunvery,https://sunvery.com.ua/
https://clutch.co/profile/moveup-recruitment-agency,https://www.moveup.com.ua/
https://clutch.co/profile/ua-tech-people-ex-craftum,https://uatechpeople.com/?utm_source=clutch.co
https://clutch.co/profile/devensis,https://devensis.com/
https://clutch.co/profile/rinftech,https://www.rinf.tech/?utm_source=clutch.co&utm_medium=referral&utm_campaign=directory
https://clutch.co/profile/bertoni-solutions,https://bertonisolutions.com/
https://clutch.co/profile/200ok-solutions,http://www.200oksolutions.com/
https://clutch.co/profile/efisco,https://efisco.net/
https://clutch.co/profile/pluralit-inclusive-technology,https://www.pluralit.io/
https://clutch.co/profile/obc,https://obc.agency/
https://clutch.co/profile/sceelio-gmbh,http://sceel.io/?utm_source=clutch.co&utm_medium=referral&utm_campaign=directory
https://clutch.co/profile/evolvice-gmbh,https://www.evolvice.de/?utm_source=clutch.co&utm_medium=referral&utm_campaign=directory
https://clutch.co/profile/agilos-it,https://www.agilos-it.com/
https://clutch.co/profile/techtalent-software,https://www.techtalent.ro/
https://clutch.co/profile/mcknight-media,http://www.mcknightmedia.co/
https://clutch.co/profile/sunbytes,https://sunbytes.io/?utm_source=clutch.co&utm_medium=referral&utm_campaign=directory
https://clutch.co/profile/zendev-ab,https://www.zendev.se/en
https://clutch.co/profile/circle-square,http://www.circlesquare.tech/
https://clutch.co/profile/ray-solutions,https://ray-solutions.co.uk/
https://clutch.co/profile/hand2band,https://hand2band.media/
https://clutch.co/profile/telesoftas,https://telesoftas.com/?utm_source=clutch.co&utm_medium=referral&utm_campaign=directory
https://clutch.co/profile/volumetree,https://www.volumetree.com/
https://clutch.co/profile/kaynes,https://www.kaynes.com/
https://clutch.co/profile/vp-software,https://vp.software/
https://clutch.co/profile/apreel,http://www.apreel.com/?language=en
https://clutch.co/profile/stormotion,https://stormotion.io/
https://clutch.co/profile/webchain,https://webchain.ro/
https://clutch.co/profile/go-interactive,https://gointeractive.co/
https://clutch.co/profile/econsulting,https://econsulting.co/
https://clutch.co/profile/root-codex,https://rootcodex.com/
https://clutch.co/profile/ingemark,http://www.ingemark.com/
https://clutch.co/profile/codahead,https://codahead.com/
https://clutch.co/profile/unit-space,https://unit-space.com/
https://clutch.co/profile/devabundance,https://devabundance.com/
https://clutch.co/profile/elasticsoft,https://elasticsoft.io/
https://clutch.co/profile/white-label,https://ffflabel.com/?utm_source=clutch.co&utm_medium=referral&utm_campaign=developers-reactjs
https://clutch.co/profile/starios,http://www.astarios.com/
https://clutch.co/profile/devgrid,http://devgrid.co.uk/
https://clutch.co/profile/freysoft,https://freysoft.com/
https://clutch.co/profile/boopro-technology,https://boopro.tech/
https://clutch.co/profile/spinbitsio,https://spinbits.io/
https://clutch.co/profile/distributed,https://distributed.co/?utm_medium=referral&utm_source=clutch&utm_campaign=listing
https://clutch.co/profile/buildapps,https://buildapps.pro/
https://clutch.co/profile/qa-madness,http://www.qamadness.com/?utm_source=clutch.co&utm_medium=referral
https://clutch.co/profile/it-outstaffingcom,https://it-outstaffing.com/
https://clutch.co/profile/all-front,https://allfront.io/
https://clutch.co/profile/data-science-ua,https://data-science-ua.com/
https://clutch.co/profile/1000software,https://1000.software/
https://clutch.co/profile/bulcode,https://www.bulcode.com/
https://clutch.co/profile/loginet-systems,https://www.loginet.io/
https://clutch.co/profile/sonder-digital,http://sonderdigital.group/
https://clutch.co/profile/polytech-software,https://polytech.software/?utm_source=clutch.co&utm_medium=referral
https://clutch.co/profile/intelactsoft,http://www.intelactsoft.com/
https://clutch.co/profile/hotovo-0,https://hotovo.com/
https://clutch.co/profile/oak-tree-technologies,https://www.oak-tree.tech/?utm_source=clutch.co&utm_medium=referral&utm_campaign=directory
https://clutch.co/profile/kings-choice,https://kingschoice.eu/
https://clutch.co/profile/bit-adventure,https://bit-adventure.com/
https://clutch.co/profile/mdevelopers,https://mdevelopers.com/?utm_source=clutch.co&utm_medium=referral&utm_campaign=aggregators-main
https://clutch.co/profile/prognetics,https://prognetics.com/
https://clutch.co/profile/codibly,http://www.codibly.com/
https://clutch.co/profile/grape-2,https://grapeup.com/?utm_source=clutch.co&utm_medium=referral&utm_campaign=directory
https://clutch.co/profile/codepixel,https://www.codepixel.me/
https://clutch.co/profile/recodeit,https://recodeit.net/
https://clutch.co/profile/riseserv,https://riseserv.com/
https://clutch.co/profile/innovation-software,https://innovationsoftware.pl/
https://clutch.co/profile/asper-brothers,https://asperbrothers.com/
https://clutch.co/profile/acom-digital,https://acomdigital.com/
https://clutch.co/profile/milies,https://www.milies.net/
https://clutch.co/profile/wise-vision,https://wisevision.com.ua/
https://clutch.co/profile/foundevs,https://foundevs.com/
https://clutch.co/profile/next-technology-professionals,https://nexttechnology.io/
https://clutch.co/profile/isd-0,https://isd-soft.com/
https://clutch.co/profile/quema,https://quema.co/
https://clutch.co/profile/codeq,https://codeq.pl/?utm_source=clutch.co&utm_medium=referral&utm_campaign=directory
https://clutch.co/profile/cult-coders,https://www.cultofcoders.com/?utm_source=clutch.co&utm_medium=referral&utm_campaign=directory
https://clutch.co/profile/j-labs-software-specialists,http://www.j-labs.com/
https://clutch.co/profile/vrp-consulting,https://vrpconsulting.com/
https://clutch.co/profile/docode,https://docode.dev/?utm_source=clutch.co&utm_medium=referral&utm_campaign=directory
https://clutch.co/profile/eloquentix,http://www.eloquentix.com/
https://clutch.co/profile/jimmy-technologies,https://fromjimmy.com/
https://clutch.co/profile/wildcodes,https://wild.codes/
https://clutch.co/profile/danubius-it-solutions,https://danubius.io/
https://clutch.co/profile/rndpoint,https://rndpoint.com/services/fintech-software-development/
https://clutch.co/profile/inwedo,http://inwedo.com/?utm_source=clutch.co&utm_medium=referral&utm_campaign=directory
https://clutch.co/profile/starnavi,https://www.starnavi.io/?utm_source=clutch.co&utm_medium=referral&utm_campaign=directory
https://clutch.co/profile/fontana,https://fontana.agency/
https://clutch.co/profile/rits-professional-services-sp-z-oo,https://rits.center/
https://clutch.co/profile/tech-breeze,https://www.tech-breeze.com/?utm_source=clutch.co&utm_medium=referral&utm_campaign=directory
https://clutch.co/profile/your-iteams,https://youriteams.com/
https://clutch.co/profile/elitex,http://elitex.systems/?utm_source=clutch.co&utm_medium=referral&utm_campaign=directory
https://clutch.co/profile/it-hoot,https://ithoot.com/
https://clutch.co/profile/kernelics,https://kernelics.com/
https://clutch.co/profile/cubicfox,http://www.cubicfox.com/?utm_source=clutch.co&utm_medium=referral&utm_campaign=directory
https://clutch.co/profile/devtalents,https://www.devtalents.com/?utm_source=clutch.co&utm_medium=referral
https://clutch.co/profile/codify-0,https://codify.io/
https://clutch.co/profile/rollout-it,https://rolloutit.net/
https://clutch.co/profile/active-bridge,https://activebridge.org/?utm_source=clutch.co&utm_medium=referral
https://clutch.co/profile/my-team-abroad,https://www.myteamabroad.com/
https://clutch.co/profile/aionys,http://aionys.com/
https://clutch.co/profile/heaven-solutions,https://www.heavensolutions.com/?utm_source=clutch.co&utm_medium=referral&utm_campaign=directory
https://clutch.co/profile/rebbix,https://rebbix.com/
https://clutch.co/profile/tsd-group,http://www.tsd.com/
https://clutch.co/profile/motife,https://www.motife.com/services/it-recruitment/?utm_source=clutch.co&utm_medium=referral&utm_campaign=clutch-lp
https://clutch.co/profile/itcraftship,https://itcraftship.com/?utm_source=clutch.co&utm_medium=referral
https://clutch.co/profile/liftup,https://liftupsolutions.com/
https://clutch.co/profile/devbrother,https://devbrother.com/?utm_source=clutch.co&utm_medium=referral&utm_campaign=directory
https://clutch.co/profile/serengeti,http://www.serengetitech.com/
https://clutch.co/profile/talent-r,https://talent-r.com/?utm_source=clutch.co&utm_medium=referral&utm_campaign=directory
https://clutch.co/profile/codex-software,http://codex-soft.com/
https://clutch.co/profile/piesoft,https://piesoft.us/contacts/?utm_source=clutch.co&utm_medium=referral&utm_campaign=directory
https://clutch.co/profile/qubit-labs,https://qubit-labs.com/
https://clutch.co/profile/skm-group,https://www.skmgroup.pl/
https://clutch.co/profile/exb-soft,http://exbsoft.com/?utm_source=clutch.co&utm_medium=referral&utm_campaign=directory
https://clutch.co/profile/bjss,https://www.bjss.com/
https://clutch.co/profile/softlike,https://softlike.ua/
https://clutch.co/profile/magnise-0,https://magnise.com/?utm_source=clutch.co&utm_medium=referral&utm_campaign=directory
https://clutch.co/profile/deviark,http://www.deviark.com/
https://clutch.co/profile/omnes-group,https://www.omnesgroup.com/
https://clutch.co/profile/do-ok,https://dook.pro/?utm_source=clutch.co&utm_medium=referral&utm_campaign=directory
https://clutch.co/profile/kalinax,http://www.kalinax.com/?utm_source=clutch.co&utm_medium=referral
https://clutch.co/profile/moravio,https://www.moravio.com/?utm_source=clutch.co&utm_medium=referral&utm_campaign=directory
https://clutch.co/profile/sorcible,https://sorcible.com/?utm_source=clutch.co&utm_medium=referral&utm_campaign=directory
https://clutch.co/profile/abit-technologies,https://abittechnologies.com/
https://clutch.co/profile/solvemind,https://www.solvemind.io/
https://clutch.co/profile/codebooq,http://www.codebooq.com/
https://clutch.co/profile/talando,https://talando.com/
https://clutch.co/profile/mappitall,https://mappitall.com/?utm_source=clutch.co&utm_medium=referral
https://clutch.co/profile/skillers,https://skillers.tech/
https://clutch.co/profile/liki,https://likims.com/?utm_source=clutch.co&utm_medium=referral&utm_campaign=directory
https://clutch.co/profile/archysoft,https://archysoft.com/
https://clutch.co/profile/civitta-1-0,https://civitta.com/digital-services/
https://clutch.co/profile/clover-dynamics,https://cloverdynamics.com/
https://clutch.co/profile/app-solutions,https://theappsolutions.com/
https://clutch.co/profile/team-connect,http://www.teamconnect.pl/
https://clutch.co/profile/global-cloud-team,https://globalcloudteam.com/
https://clutch.co/profile/idego-group,https://idego-group.com/platform/?utm_source=clutch&utm_medium=pst&utm_campaign=1072022
https://clutch.co/profile/moldoweb,https://moldoweb.com/?utm_source=clutch.co&utm_medium=directory
https://clutch.co/profile/itfs,https://itfs.com/
https://clutch.co/profile/talent-first,http://www.talent-first.net/
https://clutch.co/profile/linksoft-technologies,https://www.linksoft.eu/en
https://clutch.co/profile/antagosoft,https://antagosoft.com/
https://clutch.co/profile/corner-case-technologies,https://www.cornercasetech.com/?utm_source=clutch.co&utm_medium=referral
https://clutch.co/profile/fabrit-global,https://fabritglobal.com/?utm_source=clutch.co&utm_medium=referral&utm_campaign=directory
https://clutch.co/profile/jatapp,http://jatapp.co/
https://clutch.co/profile/leaware,https://www.leaware.com/
https://clutch.co/profile/g-groupdev,https://www.g-group.dev/?utm_source=clutch.co&utm_medium=referral&utm_campaign=directory
https://clutch.co/profile/barwenock,https://barwenock.com/?utm_source=clutch.com&utm_medium=referral
https://clutch.co/profile/piligrim,https://piligrim.pro/
https://clutch.co/profile/adaptiq,http://www.adaptiq.co/
https://clutch.co/profile/300brains,https://300brains.com/
https://clutch.co/profile/mejix,https://www.mejix.com/?utm_source=clutch.co&utm_medium=referral&utm_campaign=directory
https://clutch.co/profile/evolve-it-consulting,http://www.evolve-consultants.co.uk/
https://clutch.co/profile/team-international,https://www.teaminternational.com/
https://clutch.co/profile/intersog,https://intersog.com/?utm_source=clutch.co&utm_medium=referral&utm_campaign=profile
https://clutch.co/profile/digitalmara,https://digitalmara.com/?utm_source=clutch.co&utm_medium=referral&utm_campaign=directory
https://clutch.co/profile/sia-midis-rsez,https://www.midis.eu/en/
https://clutch.co/profile/dirox,https://dirox.com/
https://clutch.co/profile/evotalents-tech-recruiting,http://www.evotalents.com/
https://clutch.co/profile/innovation-feel,https://innovationfeel.com/?utm_source=clutch.co&utm_medium=referral&utm_campaign=directory
https://clutch.co/profile/bytecorp-technologies,https://www.bytecorp.io/
https://clutch.co/profile/crypton-studio,https://crypton.studio/?utm_source=clutch.co&utm_medium=referral&utm_campaign=directory
https://clutch.co/profile/voidweb,https://www.voidweb.eu/?utm_source=clutch.co&utm_medium=referral&utm_campaign=directory
https://clutch.co/profile/codefia,https://www.codefia.pl/
https://clutch.co/profile/herodot,https://herodot.com/?utm_source=clutch&utm_medium=referral&utm_campaign=listings
https://clutch.co/profile/acquaint-softtech-private,https://acquaintsoft.com/
https://clutch.co/profile/antma-it,https://antmait.com/
https://clutch.co/profile/grinteq,https://grinteq.com/?utm_source=clutch.co&utm_medium=referral&utm_campaign=directory
https://clutch.co/profile/lemapp,http://lemapp.tech/
https://clutch.co/profile/byvoice,https://www.byvoice.io/?utm_source=clutch&utm_medium=catalog&utm_campaign=promo
https://clutch.co/profile/uvik-software,https://uvik.net/?utm_source=clutch.co&utm_medium=referral
https://clutch.co/profile/stanga1,http://www.stanga.net/
https://clutch.co/profile/exelor,https://exelor.net/?utm_source=clutch.co&utm_medium=referral
https://clutch.co/profile/influential-software,https://www.influentialsoftware.com/?utm_source=clutch.co&utm_medium=referral&utm_campaign=directory
https://clutch.co/profile/softloft,http://soft-loft.com/?utm_source=clutch.co&utm_medium=referral&utm_campaign=directory
https://clutch.co/profile/softiq,https://softiq.io/
https://clutch.co/profile/qarea,https://qarea.com/?utm_source=clutch.co&utm_medium=directory
https://clutch.co/profile/smartitory,http://smartitory.com/
https://clutch.co/profile/covent-it,http://www.coventit.com/
https://clutch.co/profile/virtido,https://virtido.com/
https://clutch.co/profile/evenstar,http://www.theevenstar.net/
https://clutch.co/profile/lets-nurture,http://www.letsnurture.com/?utm_source=clutch.co&utm_medium=referral&utm_campaign=directory
https://clutch.co/profile/shore-teams,https://www.shoreteams.com/
https://clutch.co/profile/waveaccess,http://www.wave-access.com/
https://clutch.co/profile/intellectsoft,https://intellectsoft.net/?utm_source=clutch.co&utm_medium=referral&utm_campaign=directory
https://clutch.co/profile/mcpk,https://mcpk.de/?utm_source=clutch.co&utm_medium=referral&utm_campaign=directory
https://clutch.co/profile/smartym-pro,https://smartym.pro/?utm_source=clutch&utm_medium=directory&utm_campaign=clutch_profile
https://clutch.co/profile/ssa-group,https://www.ssa.group/
https://clutch.co/profile/blackbit-digital-commerce-gmbh,https://www.blackbit.de/en
https://clutch.co/profile/intelvision,https://intelvision.pro/services/dedicated-software-development-team/?utm_source=clutch.co&utm_medium=referral&utm_campaign=dedicated_page_click
https://clutch.co/profile/advantiss,https://advantiss.com/
https://clutch.co/profile/ascendro-technologies,http://ascendro.de/
https://clutch.co/profile/smplfy,https://smplfy.eu/
https://clutch.co/profile/staffingpartner,http://staffingpartner.net/?utm_source=clutch.co&utm_medium=referral&utm_campaign=directory
https://clutch.co/profile/vimanet,https://vimanet.com/?utm_source=clutch.co&utm_medium=referral&utm_campaign=directory
https://clutch.co/profile/dacdigital,https://dac.digital/?utm_source=clutch.co&utm_medium=referral&utm_campaign=directory
https://clutch.co/profile/red-rocket-software,https://www.redrocket.software/
https://clutch.co/profile/vangwe,https://www.vangwe.com/
https://clutch.co/profile/agiledrop-developers-agencies-house-teams,https://www.agiledrop.com/?utm_source=clutch
https://clutch.co/profile/tessafold,https://tessafold.com/?utm_source=clutch.co&utm_medium=referral&utm_campaign=directory
https://clutch.co/profile/soloway-technologies,https://soloway.tech/
https://clutch.co/profile/intechhouse-0,https://intechhouse.com/
https://clutch.co/profile/varyence,https://varyence.com/?utm_source=clutch.co&utm_medium=referral&utm_campaign=developers-eastern-europe
https://clutch.co/profile/incredevo-sp-z-oo,https://www.incredevo.com/
https://clutch.co/profile/reintech,https://reintech.io/
https://clutch.co/profile/billennium,https://billennium.com/
https://clutch.co/profile/impressit,https://impressit.io/
https://clutch.co/profile/chetu,http://www.chetu.com/
https://clutch.co/profile/deventor,https://deventor.io/
https://clutch.co/profile/elmosoft,https://www.elmosoft.net/?utm_source=clutch.co&utm_medium=referral&utm_campaign=directory
https://clutch.co/profile/relout,https://relout.team/
https://clutch.co/profile/instandart,https://instandart.com/?utm_source=clutch.co&utm_medium=referral&utm_campaign=clutch_traffic&utm_content=profile
https://clutch.co/profile/innovant-0,https://innovant.us/
https://clutch.co/profile/rewisoft,https://rewisoft.com/
https://clutch.co/profile/division5,http://division5.co/
https://clutch.co/profile/qit-software,https://qit.software/?utm_source=clutch.co&utm_medium=referral&utm_campaign=directory
https://clutch.co/profile/crodu,https://crodu.com/?utm_source=clutch.co&utm_medium=referral&utm_campaign=directory
https://clutch.co/profile/dataart,https://www.dataart.com/services?modal=clutch&utm_source=clutch&utm_medium=referral&utm_campaign=clutch-general-profile
https://clutch.co/profile/bladeware-0,http://bladeware.io/
https://clutch.co/profile/red-jumpers,https://redjumpers.agency/?utm_source=clutch.co&utm_medium=referral&utm_campaign=directory
https://clutch.co/profile/aimprosoft,https://www.aimprosoft.com/
https://clutch.co/profile/ukad,https://www.ukad-group.com/?utm_source=clutch.co&utm_medium=referral&utm_campaign=directory
https://clutch.co/profile/powercode,https://pwr-code.com/
https://clutch.co/profile/itexus,https://itexus.com/?utm_source=clutch.co&utm_medium=referral&utm_campaign=clutch-profile
https://clutch.co/profile/koitechs,http://koitechs.com/
https://clutch.co/profile/code-ampampampampampampamp-pepper,https://codeandpepper.com/
https://clutch.co/profile/forbytes,https://forbytes.com/
https://clutch.co/profile/ncube,https://ncube.com/
https://clutch.co/profile/soflab-technology,https://soflab.pl/en/
https://clutch.co/profile/vmpl-software-house,https://www.vm.pl/
https://clutch.co/profile/bits-orchestra,https://bitsorchestra.com/
https://clutch.co/profile/proffiz,http://proffiz.com/
https://clutch.co/profile/kozak-agency,https://kozak-ag.com/
https://clutch.co/profile/devox-software,https://devoxsoftware.com/?utm_source=clutch.co&utm_medium=referral&utm_campaign=directory
https://clutch.co/profile/mindecs,http://www.mindecs.co/?utm_source=clutch.co&utm_medium=referral&utm_campaign=directory
https://clutch.co/profile/codemerx,https://codemerx.com/
https://clutch.co/profile/forte-group,http://fortegrp.com/?utm_source=clutch.co&utm_medium=referral
https://clutch.co/profile/bluesoft-sp-z-oo,https://bluesoft.com/it-solutions?utm_source=clutch_profile&utm_medium=logo_click
https://clutch.co/profile/edge-one-solutions,http://www.edge1s.com/
https://clutch.co/profile/ideamotive,https://www.ideamotive.co/clutch?utm_source=clutch.co&utm_medium=referral
https://clutch.co/profile/gitmax,https://gitmax.com/
https://clutch.co/profile/vreal-soft-0,http://www.vrealsoft.com/
https://clutch.co/profile/neklo,https://neklo.com/?utm_source=clutch.co&utm_medium=referral&utm_campaign=directory
https://clutch.co/profile/youdigitalcom,https://www.youdigital.com/
https://clutch.co/profile/weassemble,https://weassemble.team/
https://clutch.co/profile/appvales,https://appvales.com/
https://clutch.co/profile/perceptionbox,https://perceptionbox.io/
https://clutch.co/profile/intobi,https://intobi.com/
https://clutch.co/profile/codete,https://codete.com/?utm_source=clutch.co&utm_medium=referral
https://clutch.co/profile/esca,https://e-s-c-a.com/it-eng
https://clutch.co/profile/tateeda,https://tateeda.com/
https://clutch.co/profile/scalac,https://scalac.io/?utm_source=clutch.co&utm_medium=referral&utm_campaign=directory
https://clutch.co/profile/deazy,https://www.deazy.com/
https://clutch.co/profile/scalamandra,https://scalamandra.com/
https://clutch.co/profile/one-beyond,https://www.one-beyond.com/?utm_source=clutch.co&utm_medium=referral
https://clutch.co/profile/notum-technologies,https://notum.cz/en/
https://clutch.co/profile/newxel,https://newxel.com/
https://clutch.co/profile/tekrevol,https://www.tekrevol.com/lp1/app-development-agency?utm_source=clutch.co&utm_medium=referral&utm_campaign=clutch_profile
https://clutch.co/profile/code-poets,https://codepoets.it/
https://clutch.co/profile/secret-source-technology-sl,https://www.secret-source.eu/
https://clutch.co/profile/mobilunity,https://mobilunity.com/?utm_source=clutch.co&utm_medium=referral&utm_campaign=profile
https://clutch.co/profile/99x,https://www.99x.io/
https://clutch.co/profile/incode-group,https://incode-group.com/?utm_source=clutch.co&utm_medium=referral&utm_campaign=directory
https://clutch.co/profile/itido,https://itido.eu/?utm_source=clutch.co&utm_medium=referral&utm_campaign=directory
https://clutch.co/profile/fatcat-coders,https://fatcatcoders.com/
https://clutch.co/profile/brightgrove,http://www.brightgrove.com/
https://clutch.co/profile/eleks,https://eleks.com/?utm_source=clutch.co&utm_medium=referral&utm_campaign=Clutch
https://clutch.co/profile/interventure,https://www.interventure.info/
https://clutch.co/profile/talmatic,https://talmatic.com/
https://clutch.co/profile/multiplica,https://www.multiplicatalent.com/en/
https://clutch.co/profile/itds-0,https://www.itds.pl/
https://clutch.co/profile/synapse-team,https://synapseteam.com/?utm_source=clutch.co&utm_medium=catalog&utm_campaign=clutch
https://clutch.co/profile/drupfan,https://drupfan.com/
https://clutch.co/profile/maybeworks,https://maybe.works/?utm_source=clutch/?utm_source=clutch.co&utm_medium=referral&utm_campaign=directory
https://clutch.co/profile/intetics,https://intetics.com/?utm_source=clutch&utm_medium=directory&utm_campaign=profile_clutch
https://clutch.co/profile/bluebird-international,https://bluebirdinternational.com/
https://clutch.co/profile/jaydevs,https://jaydevs.com/?utm_source=clutch.co&utm_medium=referral
https://clutch.co/profile/geomotiv,https://geomotiv.com/?utm_source=Clutch&utm_medium=directory&utm_campaign=clutch_profile
https://clutch.co/profile/softermii,https://www.softermii.com/clutch-top-rated-software-development-company?utm_source=clutch&utm_medium=referral
https://clutch.co/profile/softkit,https://www.softkit.dev/
https://clutch.co/profile/indexdev,https://www.index.dev/
https://clutch.co/profile/pentalog,https://www.pentalog.com/?utm_source=clutch.co&utm_medium=referral&utm_campaign=directory
https://clutch.co/profile/sda,https://sda.company/?utm_source=clutch.co&utm_medium=referral&utm_campaign=directory
https://clutch.co/profile/ragnar-k-group,https://ragnarok.group/?utm_source=clutch.co&utm_medium=referral&utm_campaign=directory
https://clutch.co/profile/allstarsit-0,https://allstarsit.com/?utm_source=clutch.co&utm_medium=referral&utm_campaign=directory
https://clutch.co/profile/procoders,https://procoders.tech/solutions/?utm_campaign=sources-researching&utm_medium=organic&utm_source=clutch
https://clutch.co/profile/devico,https://devico.io/
https://clutch.co/profile/devire,https://devire.pl/en/submit-job-spec/
https://clutch.co/profile/inventorsoft,https://inventorsoft.co/?utm_source=clutch.co&utm_medium=referral&utm_campaign=directory
https://clutch.co/profile/startupsoft,https://www.startupsoft.com/?utm_source=clutch.co&utm_medium=referral
https://clutch.co/profile/binerals,https://binerals.com/?utm_source=clutch.co&utm_medium=referral&utm_campaign=directory&utm_content=clutch
